SiteName,SiteEngName,County,Township,Basin,River,TWD97Lon,TWD97Lat,TWD97TM2X,TWD97TM2Y,SiteAddress
七結橋(取代得子口橋),Tetzekou Bridge,宜蘭縣,礁溪鄉,得子口溪流域,得子口溪,121.7651450,24.8031790,327233.67,2744746.33,宜蘭縣礁溪鄉宜6鄉道(七結路)
九如橋,Jiouru Bridge,屏東縣,九如鄉,高屏溪流域,高屏溪,120.4887560,22.7247530,197485.01,2513895.27,屏東縣九如鄉台3線公路(436.5公里處)
二高便道橋,Second Super highway Sidewalk bridge,嘉義縣,竹崎鄉,朴子溪流域,朴子溪,120.4895370,23.5069090,197868.18,2600509.07,嘉義縣竹崎鄉義和村國道3號下
二港橋,Erngon Bridge,台南市,學甲區,急水溪流域,急水溪,120.1904270,23.2660400,167170.39,2573974.14,台南市學甲區二港村
二溪大橋,Erncida Bridge,台南市,大內區,曾文溪流域,曾文溪,120.3843880,23.1156620,186945.22,2557223.80,台南市大內區南182線
二層行橋,Erntsuncin Bridge,台南市,仁德區,二仁溪流域,二仁溪,120.2257960,22.9158570,170583.75,2535174.76,台南市仁德區台1線公路(340公里處)
二層橋,Erntsun Bridge,高雄市,內門區,二仁溪流域,二仁溪,120.4604620,22.9167280,194656.30,2535163.71,高雄市內門區中正路(台3線公路)
八掌溪橋,Bajhang River Bridge,嘉義縣,水上鄉,八掌溪流域,八掌溪,120.3817190,23.4038180,186807.83,2589135.71,嘉義縣水上鄉台1線公路(274公里處)
三峽大橋,Sansia Bridge,新北市,三峽區,淡水河流域,三峽河,121.3748650,24.9346320,287859.08,2758589.60,新北市三峽區3號公路
三峽河抽水站(取代醒心橋),SingSin Bridge,新北市,三峽區,淡水河流域,三峽河,121.3737770,24.8956390,287761.11,2754270.27,新北市三峽區鳶山北111線
三棧橋,Sanjhan Bridge,花蓮縣,新城鄉,三棧溪流域,三棧溪,121.6083850,24.1006620,311850.69,2666305.30,花蓮縣新城鄉北三棧懷恩橋
三聖橋,Sansheng Bridge,新竹縣,新埔鎮,鳳山溪流域,鳳山溪,121.0975460,24.8325570,259859.64,2747235.08,新竹縣新埔鎮五埔里竹19號道路
三鶯大橋,Sanying Bridge,新北市,鶯歌區,淡水河流域,大漢溪,121.3532230,24.9447610,285670.44,2759705.58,新北市鶯歌區文化路三鶯大橋
三灣大橋,Sanwanda Bridge,苗栗縣,三灣鄉,中港溪流域,中港溪,120.9591130,24.6618980,245861.61,2728330.26,苗栗縣三灣鄉台3號公路98km處
上磺溪橋,Upper Huang River Bridge,新北市,金山區,磺溪流域,磺溪,121.5822730,25.1792090,308689.75,2785754.26,新北市金山區三和村2號公路大油坑旁
下荖溪橋,Sialousi Bridge,花蓮縣,壽豐鄉,花蓮溪流域,花蓮溪,121.5104280,23.8903480,301976.21,2642973.35,花蓮縣壽豐鄉9號公路旁
千鳥橋,Chenniao Bridge,台南市,新化區,鹽水溪流域,鹽水溪,120.3582500,23.0723000,184246.85,2552433.52,台南市新化區那菝林台20線19公里處
土庫大橋,Tokooda Bridge,雲林縣,斗南鎮,北港溪流域,北港溪(雲),120.4186350,23.6814510,190705.63,2619866.33,雲林縣虎尾鎮延平里158甲公路22.5km處
大內橋（取代北勢洲橋）,Peishihchou Bridge,台南市,大內區,曾文溪流域,曾文溪,120.3453860,23.1203040,182952.56,2557755.28,台南市大內區與山上區交界處(南182線)
大巴六九巴取水口,Dabaliugeoba Intake,台東縣,卑南鄉,太平溪流域,太平溪,121.0577880,22.8111280,255932.20,2523370.23,台東縣卑南鄉泰安村
大甲溪橋,Dajia River Bridge,台中市,大甲區,大甲溪流域,大甲溪,120.6088070,24.3236420,210299.31,2690922.17,台中市大甲區1號公路169km處
大安溪橋,Da-an River Bridge,台中市,大甲區,大安溪流域,大安溪,120.6449160,24.3705750,213977.22,2696110.28,台中市大甲區1號公路
大里橋,Dali Bridge,台中市,大里區,烏溪流域,烏溪,120.6890860,24.0938780,218389.95,2665454.96,台中市大里區元提路二段12號
大直橋,Dajhih Bridge,台北市,中山區,淡水河流域,基隆河,121.5444540,25.0764580,304923.70,2774356.85,台北市中山區北安路大直橋
大度橋(原為大肚橋),Dadu Bridge,台中市,大肚區,烏溪流域,烏溪,120.5821370,24.1059300,207520.57,2666817.99,台中市大肚區1號公路(臨彰化縣彰化市1號公路184.5處)
大津橋,Dagean Bridge,高雄市,六龜區,高屏溪流域,高屏溪,120.6481230,22.8800760,213896.36,2531046.80,高雄市六龜區台27線公路(25公里處)
大埔橋,Dapoo Bridge,桃園縣,龜山鄉,南崁溪流域,南崁溪,121.3692480,25.0250860,287264.50,2768607.00,桃園縣龜山鄉桃七號公路
大溪橋,Dahan Bridge,桃園縣,大溪鎮,淡水河流域,大漢溪,121.2838270,24.8846740,278676.25,2753033.88,桃園縣大溪鄉省三號道路與北83線交會處旁
大濁水橋,Dajhuoshuei Bridge,宜蘭縣,南澳鄉,和平溪流域,和平溪,121.7430640,24.3248400,325410.98,2691200.41,宜蘭縣南澳鄉9公路漢本隧道附近
大檜溪橋,Dakwai River Bridge,桃園縣,桃園市,南崁溪流域,南崁溪,121.3091140,25.0116480,281199.12,2767103.30,桃園縣桃園市春日路與經國路交叉口附近
山崎橋,Shanchee Bridge,新竹縣,新豐鄉,新豐溪流域,茄苳溪(竹),120.9955530,24.8690960,249550.69,2751278.55,新竹縣新豐鄉台一省道與新興路188號旁
中山橋,Jhongsan Bridge,台北市,中山區,淡水河流域,基隆河,121.5251140,25.0738870,302973.81,2774064.40,台北市士林區中山北路圓山旁
中山橋(新豐溪),Zhong Shan Bridge (Sinfo,新竹縣,新豐鄉,新豐溪流域,新豐溪,120.9955648,24.9066666,249629.61,2755544.47,新竹縣新豐鄉竹2線
中正大橋,Jhongjhengda Bridge,新竹縣,竹東鎮,頭前溪流域,頭前溪,121.0576160,24.7856880,255825.86,2742041.59,新竹縣竹東鎮麻園肚縣120號公路旁
中正橋,Jhongjheng Bridge,花蓮縣,花蓮市,美崙溪流域,美崙溪,121.6119540,23.9803260,312271.50,2652979.46,花蓮縣花蓮市中正路
中正橋,Jhongjheng Bridge,雲林縣,西螺鎮,新虎尾溪流域,新虎尾溪,120.4223820,23.7435130,191115.58,2626737.90,雲林縣虎尾鎮145號公路17.5km處
中正橋,Jhongjheng Bridge,南投縣,中寮鄉,烏溪流域,烏溪,120.7577770,23.8825320,225333.50,2642035.11,南投縣中寮鄉親寮段454號
中正橋,Jhongjheng Bridge,桃園縣,大園鄉,老街溪流域,老街溪,121.1963970,25.0637580,269814.15,2772853.90,桃園縣大園鄉田心村中山南路中正西路交叉口附近
中正橋,Jhongjheng Bridge,新北市,永和區,淡水河流域,新店溪,121.5142330,25.0213070,301898.24,2768236.04,新北市永和區永和路中正橋
中隘橋,Jhongai Bridge,新竹市,香山區,鹽港溪流域,鹽港溪,120.9171340,24.7299750,241617.34,2735872.19,新竹市香山區中隘里台一省道旁
五王大橋(原為南鯤鯓),Nankunsan,台南市,北門區,急水溪流域,急水溪,120.1443030,23.2915880,162467.76,2576830.58,台南市北門區南鯤鯓台17線公路(148.9公里處)
五空橋,Wukon Bridge,台南市,仁德區,二仁溪流域,二仁溪,120.2216130,22.9275260,170161.43,2536469.24,台南市仁德區台1線338.8公里處
五虎寮橋(取代舊橋),Wuhuliao Bridge,嘉義縣,中埔鄉,八掌溪流域,八掌溪,120.5536940,23.4509250,204401.21,2594287.52,嘉義縣中埔鄉社口村台18線公路(14.8公里處)
仁里橋,Renli Bridge,花蓮縣,吉安鄉,吉安溪流域,吉安溪,121.5944150,23.9688130,310492.07,2651696.80,花蓮縣吉安鄉中正路旁
介壽橋,Jieshou Bridge,嘉義縣,六腳鄉,朴子溪流域,朴子溪,120.2932600,23.4820600,177809.04,2597842.15,嘉義縣六腳鄉嘉57線公路(5.5公里處)
介壽橋,Jieshou Bridge,新北市,瑞芳區,淡水河流域,基隆河,121.8054000,25.1064040,331228.71,2777805.39,新北市瑞芳區侯硐路介壽橋
內灣吊橋,Neiwun Suspension Bridge,新竹縣,橫山鄉,頭前溪流域,頭前溪,121.1832390,24.7020320,268540.57,2732787.18,新竹橫山鄉內灣村縣120號公路旁
公園橋上游(原為青埔橋),Shinpoo Bridge,桃園縣,中壢市,老街溪流域,老街溪,121.2093650,25.0033540,271132.77,2766165.40,桃園縣中壢市青埔里桃42線
六合橋,Liuho Bridge,基隆市,七堵區,淡水河流域,基隆河,121.7037590,25.0947710,320984.04,2776459.52,基隆市六堵區工建西路六合橋
六龜大橋,Liougueida Bridge,高雄市,六龜區,高屏溪流域,高屏溪,120.6382800,22.9954710,212917.80,2543827.35,高雄市六龜區台27甲58公里處
太平溪橋,Taipingci Bridge,花蓮縣,玉里鎮,秀姑巒溪流域,秀姑巒溪,121.3336260,23.3936780,284100.91,2587916.80,花蓮縣玉里鎮9號公路(樂德公路)
太平橋,Taiping Bridge,台南市,永康區,鹽水溪流域,鹽水溪,120.2155460,23.0249910,169596.89,2547265.77,台南市永康區台19線公路(138.5公里處)
太昌橋,Taichang Bridge,花蓮縣,吉安鄉,吉安溪流域,吉安溪,121.5696260,23.9833060,307962.82,2653291.49,花蓮縣吉安鄉198甲公路與明義二街交會口附近
巴士墨段橋(取代伊屯吊橋),Itun Suspension Bridge,屏東縣,獅子鄉,楓港溪流域,楓港溪,120.7392850,22.2083280,223120.11,2456646.43,屏東縣獅子鄉丹路村台9線道路
支亞干橋(取代豐平橋),Fonpin Bridge,花蓮縣,壽豐鄉,花蓮溪流域,花蓮溪,121.4525680,23.8132250,296111.55,2634412.16,花蓮縣壽豐鄉9號公路
文峰橋,Wenfon Bridge,苗栗縣,卓蘭鎮,大安溪流域,大安溪,120.8304950,24.3124670,232796.13,2689639.15,苗栗縣卓蘭鎮中正路
斗山橋,Dosang Bridge,雲林縣,斗六市,北港溪流域,北港溪(雲),120.5673270,23.7027490,205878.34,2622171.03,雲林縣斗六市榮譽路800號旁
月眉潭橋,Yuemeitan Bridge,嘉義縣,新港鄉,朴子溪流域,朴子溪,120.3604160,23.5140910,184684.72,2601357.21,嘉義縣新港鄉縣159線公路(9.5公里處)
月眉橋,Yuemei Bridge,高雄市,旗山區,高屏溪流域,高屏溪,120.5217160,22.9611020,200955.51,2540055.75,高雄市旗山區大林里台21號公路(258.5公里處)
月眉橋,Yuemei Bridge,桃園縣,楊梅鎮,社子溪流域,社子溪,121.1462770,24.9187550,264774.95,2756786.70,桃園縣楊海鎮水美里海高路旁
木瓜溪橋,Mugua River Bridge,花蓮縣,吉安鄉,花蓮溪流域,木瓜溪,121.5385860,23.9316940,304826.09,2647563.03,花蓮縣吉安鄉9號公路受天宮附近
水源橋上游,Shueiwui Bridge,花蓮縣,秀林鄉,美崙溪流域,美崙溪,121.5460740,24.0057850,305556.56,2655771.49,花蓮縣秀林鄉水源村水源地自來水廠旁
牛鬥橋,Neodao Bridge,宜蘭縣,大同鄉,蘭陽溪流域,蘭陽溪,121.5652320,24.6409010,307219.87,2726121.72,宜蘭縣大同鄉7號公路
牛稠溪橋,Neochoci Bridge,嘉義市,東區,朴子溪流域,朴子溪,120.4434030,23.5137640,193159.58,2601285.78,嘉義市東區忠孝路(台1線公路)與工業路交會
冬山河橋,Dongshan River Bridge,宜蘭縣,冬山鄉,冬山河流域,冬山河,121.7868900,24.6391630,329660.75,2726039.63,宜蘭縣冬山路二段149號
加禮遠橋,Jialiwen Bridge,宜蘭縣,五結鄉,冬山河流域,冬山河,121.8248530,24.6917960,333469.08,2731892.01,宜蘭縣五結鄉濱海公路
北山橋,Beisan Bridge,南投縣,國姓鄉,烏溪流域,烏溪,120.8715290,23.9830040,236927.47,2653146.88,南投縣國姓鄉中正路四段210-1號
北勢大橋,Peishih Bridge,苗栗縣,後龍鎮,後龍溪流域,後龍溪,120.8255630,24.5948970,232335.00,2720920.00,苗栗縣後龍鎮北勢村台13甲公路11km處
北勢橋,Peishih Bridge,桃園縣,平鎮市,老街溪流域,老街溪,121.2124420,24.9248290,271456.96,2757468.36,桃園縣平鎮市北勢村113號公路國產實業附近
古亭橋,Gootin Bridge,高雄市,田寮區,二仁溪流域,二仁溪,120.3963350,22.8880180,188065.18,2532010.04,高雄市田寮區月球路(台28線9公里處)
台15線鳳山溪橋,Fonggonda Bridge,新竹縣,竹北市,鳳山溪流域,鳳山溪,120.9497546,24.8589166,244938.38,2750167.38,新竹縣竹北市鳳崗路三段與五段交接處
台1線鳳山溪橋,Fongshan River Bridge,新竹縣,竹北市,鳳山溪流域,鳳山溪,121.0048020,24.8525760,250485.27,2749448.79,新竹縣竹北市台1號省道
台東大橋,Taitungda Bridge,台東縣,臺東市,卑南溪流域,卑南溪,121.1444750,22.7922330,264833.01,2521284.02,台東市台11乙線5公里處
四十號橋,No. 40 Bridge,新北市,金山區,磺溪流域,磺溪,121.6307600,25.2273300,313552.16,2791106.59,新北市金山區北22線(三界鹽路)與中山路交會口
平安大橋,Pinanda Bridge,苗栗縣,三灣鄉,中港溪流域,中港溪,120.9492130,24.6758870,244860.17,2729879.92,苗栗縣三灣鄉內灣村台3號公路92km處
平林橋,Pinlin Bridge,南投縣,草屯鎮,烏溪流域,烏溪,120.6574540,23.9523980,215135.90,2649793.67,南投縣草屯鎮草溪路9-1號旁
平鎮第一號橋,Pingjhen 1st Bridge,桃園縣,平鎮市,老街溪流域,老街溪,121.1961610,24.9209930,269813.15,2757040.94,桃園縣平鎮市平鎮村113號公路與桃72線(南平路)交會口附近
民權大橋,Minchenda Bridge,台北市,內湖區,淡水河流域,基隆河,121.5695160,25.0634670,307458.01,2772928.31,台北市松山區民權東路底與內湖交界處
永寧一號橋,Yunin no. 1 Bridge,桃園縣,楊梅鎮,社子溪流域,社子溪,121.1516230,24.9031130,265316.88,2755054.78,桃園縣楊梅鎮永寧里校前路旁
永寧橋,Yunnin Bridge,台南市,仁德區,二仁溪流域,二仁溪,120.1943570,22.9251920,167364.27,2536225.74,台南市仁德區中正西路(南市12線)
永樂里,Yunlali,宜蘭縣,蘇澳鎮,蘇澳溪流域,蘇澳溪,121.8445590,24.5737170,335543.68,2718825.29,宜蘭縣蘇澳鎮永樂里成功路永樂國小附近
永興橋,Yongsing Bridge,苗栗縣,南庄鄉,中港溪流域,中港溪,121.0058100,24.6175280,250586.64,2723414.26,苗栗縣南庄鄉田美村124線25.2km處
玉井橋,Yujing Bridge,台南市,玉井區,曾文溪流域,曾文溪,120.4583130,23.1178810,194518.18,2557439.49,台南市玉井區台20線公路35公里處
玉成橋(原為嘉里二號橋),Chiali No 2 Bridge,花蓮縣,新城鄉,美崙溪流域,美崙溪,121.6049460,24.0168970,311540.97,2657026.72,花蓮縣新城鄉嘉里村嘉里二號底
玉里大橋,Yulida Bridge,花蓮縣,玉里鎮,秀姑巒溪流域,秀姑巒溪,121.3277660,23.3229250,283519.77,2580080.31,花蓮縣玉里鎮9號公路與縣195甲交會口附近
玉峰大橋,Yufonda Bridge,台南市,山上區,曾文溪流域,曾文溪,120.3698980,23.0970610,185452.11,2555170.28,台南市山上區山上里南184線
玉峰大橋,Yufonda Bridge,南投縣,水里鄉,濁水溪流域,濁水溪,120.8434800,23.8084050,234051.91,2633813.61,南投縣水里鄉縣131公路35km處
甘宅二號橋(原為木屐寮),Mugiliao,台南市,白河區,急水溪流域,急水溪,120.4542360,23.3630090,194202.61,2584586.51,台南市白河區木屐寮南93線公路
甲仙取水口(取代四德大橋),Jiasian Intake,高雄市,甲仙區,高屏溪流域,高屏溪,120.5843250,23.0826203,207656.58,2553709.16,高雄市甲仙區甲仙大橋上游150公尺處(攔砂壩)
白布帆大橋,Beifan Bridge,苗栗縣,卓蘭鎮,大安溪流域,大安溪,120.9080240,24.2937610,240663.62,2687560.05,苗栗縣卓蘭鎮內彎里東盛84之5號
白米橋,Bimei Bridge,宜蘭縣,蘇澳鎮,蘇澳溪流域,蘇澳溪,121.8537200,24.5961700,336456.16,2721317.91,宜蘭縣蘇澳鎮9號公路蘇花公路入口
石安橋,Shihan Bridge,高雄市,阿蓮區,二仁溪流域,二仁溪,120.3020530,22.9027730,178399.44,2533686.74,高9線
石岡壩,Shihgang Dam,台中市,石岡區,大甲溪流域,大甲溪,120.7690560,24.2828950,226555.00,2686373.00,台中市石岡區台3號公路15km處
石門村過四重溪水泥橋(原為石門),Shihmen,屏東縣,牡丹鄉,四重溪流域,四重溪,120.7633400,22.1135960,225583.83,2446153.41,屏東縣牡丹鄉199線公路
石榴班橋,Shihliuban Bridge,雲林縣,斗六市,北港溪流域,北港溪(雲),120.5732700,23.7186030,206489.66,2623924.96,雲林縣斗六市3號公路258km處
同心橋,Tonsin Bridge,台南市,左鎮區,鹽水溪流域,鹽水溪,120.3735660,23.0472950,185804.33,2549657.68,台南市左鎮區
名竹大橋,Minchiuda Bridge,南投縣,名間鄉,濁水溪流域,濁水溪,120.7058460,23.8178040,220030.20,2634876.71,南投縣名間鄉3號公路34km處
后豐大橋,Houfonda Bridge,台中市,后里區,大甲溪流域,大甲溪,120.7228050,24.2826860,221859.65,2686358.35,台中市后里區13號公路
宅港橋,Jhaigon Bridge,台南市,學甲區,急水溪流域,急水溪,120.2041130,23.2533410,168563.03,2572560.10,台南市學甲區台19線公路(110.9公里處)
尖山大橋(取代中港溪橋),Jhonggang River Bridge,苗栗縣,頭份鎮,中港溪流域,中港溪,120.8817000,24.6669460,238026.84,2728893.88,苗栗縣頭份鎮尖山台1號與13號公路交叉口
成美橋,Chenmei Bridge,台北市,內湖區,淡水河流域,基隆河,121.5832950,25.0536690,308852.85,2771848.99,台北市內湖區新明路與舊宗路口(內湖區與南港區交界)
朴子口,Puzihko,台中市,豐原區,大甲溪流域,大甲溪,120.7658657,24.2772917,226247.00,2685750.00,台中市豐原給水廠進水口
朴子溪橋,Puzih River Bridge,嘉義縣,朴子市,朴子溪流域,朴子溪,120.2450610,23.4756060,172881.74,2597152.39,嘉義縣朴子市台19線公路(80.5公里處)
江北橋,Jiangpei Bridge,新北市,汐止區,淡水河流域,基隆河,121.6556400,25.0685730,316144.52,2773533.29,新北市汐止區汐萬路江北橋
百齡橋,Bialin Bridge,台北市,士林區,淡水河流域,基隆河,121.5137260,25.0884350,301818.85,2775671.35,台北市士林區承德路百齡橋
竹東大橋,Jhudongda Bridge,新竹縣,竹東鎮,頭前溪流域,頭前溪,121.1032940,24.7226750,260449.75,2735065.04,新竹縣竹東鎮3號公路
竹林大橋,Jhulinda Bridge,新竹縣,竹東鎮,頭前溪流域,頭前溪,121.0935960,24.7476840,259466.79,2737834.34,新竹縣竹東鎮123號公路
竹崎大橋,Jhucida Bridge,嘉義縣,竹崎鄉,朴子溪流域,朴子溪,120.5462890,23.5249580,203670.48,2602488.46,嘉義縣竹崎鄉台3線公路(286公里處)
竹盛大橋,Jhushenda Bridge,苗栗縣,銅鑼鄉,西湖溪流域,西湖溪,120.7778480,24.4495100,227477.06,2704824.63,苗栗縣銅鑼鄉樟樹村台13號公路43km處
竹圍大橋,Jhuweida Bridge,桃園縣,大園鄉,南崁溪流域,南崁溪,121.2477790,25.1080280,274989.00,2777766.00,桃園縣大園鄉15號公路(濱海公路)
竹森大橋(原名銅鑼橋),Tongluo Bridge,苗栗縣,銅鑼鄉,西湖溪流域,西湖溪,120.7805990,24.4941930,227763.82,2709773.07,苗栗縣銅鑼鄉縣128號公路14km處
老飯店橋,Laofandian Bridge,桃園縣,楊梅鎮,社子溪流域,社子溪,121.1237410,24.9357900,262496.92,2758671.29,桃園縣楊梅鎮115號公路(楊新路一段)
西門大橋,Simenda Bridge,高雄市,美濃區,高屏溪流域,高屏溪,120.5358640,22.8986440,202384.57,2533134.86,高雄市美濃區永安路
西港大橋,Sigangda Bridge,台南市,西港區,曾文溪流域,曾文溪,120.2049360,23.1087690,168559.72,2556549.34,台南市西港區台19線公路(129公里處)
西湖橋(原名四湖橋),Sihhu Bridge,苗栗縣,西湖鄉,西湖溪流域,西湖溪,120.7526010,24.5632680,224939.97,2717428.27,苗栗縣西湖鄉台1號公路119號公路交會處
西濱快速道路(取代大安溪出海口),Da-an River Mouth,台中市,大甲區,大安溪流域,大安溪,120.6105972,24.4014167,209208.34,2700283.62,台中市台61線西濱快速道路135公里處
西螺大橋,Siluoda Bridge,雲林縣,西螺鎮,濁水溪流域,濁水溪,120.4599750,23.8079550,194975.23,2633859.68,雲林縣西螺鎮台1號公路221km處
利民橋,Limin Bridge,彰化縣,芬園鄉,烏溪流域,烏溪,120.6375690,24.0134680,213129.39,2656562.10,彰化縣芬園鄉社口村復興路59號
利澤簡橋,Lidzugein Bridge,宜蘭縣,五結鄉,冬山河流域,冬山河,121.8141170,24.6698980,332397.00,2729460.00,宜蘭縣五結鄉協和路全祥新村冬山河親水公園旁
宏太橋,Hontia Bridge,桃園縣,桃園市,南崁溪流域,茄苳溪(桃),121.2832830,24.9886300,278597.34,2764548.05,桃園縣桃園市上海路與中山路交叉口附近
秀朗橋,Ciulan Bridge,新北市,中和區,淡水河流域,新店溪,121.5285730,24.9887150,303359.52,2764631.65,新北市中和區景平路與環河路交會處
走馬瀨橋,Dzomalia Bridge,台南市,大內區,曾文溪流域,曾文溪,120.4304540,23.1375820,191673.16,2559632.04,台南市大內區走馬瀨農場入口處
里港大橋,Ligangda Bridge,屏東縣,里港鄉,高屏溪流域,高屏溪,120.5033910,22.7944790,199014.27,2521611.11,屏東縣里港鄉台3線公路(428公里處)
里嶺大橋(取代嶺口橋),Linko Bridge,高雄市,旗山區,高屏溪流域,高屏溪,120.4486170,22.7728480,193381.74,2519235.70,高雄市旗山區旗楠三路
初來橋,Choulia Bridge,台東縣,海端鄉,卑南溪流域,卑南溪,121.1691280,23.1256380,267321.68,2558205.55,台東縣海端鄉台20甲公路0公里處
卓蘭大橋(原名為蘭勢橋),Lanshih Bridge,苗栗縣,卓蘭鎮,大安溪流域,大安溪,120.8183930,24.3083860,231567.31,2689188.69,苗栗縣卓蘭鎮3號公路
協成橋,Ciechen Bridge,苗栗縣,卓蘭鎮,大安溪流域,大安溪,120.8359370,24.3081520,233347.97,2689160.62,苗栗縣卓蘭鎮五十五號公路
和平橋,Heping Bridge,嘉義縣,溪口鄉,北港溪流域,三疊溪,120.3985110,23.6084750,188619.00,2611793.00,嘉義縣溪口鄉157道和平路
忠孝大橋,Jhongshou Bridge.,新北市,三重區,淡水河流域,淡水河本流,121.5002090,25.0511440,300470.67,2771535.72,台北市中正區忠孝西路(中華路附近)
昇高大橋(取代深坑中正橋),Shenkeng Jhongjheng Bridge,新北市,深坑區,淡水河流域,景美溪,121.6128520,25.0006030,311861.76,2765984.17,新北市深坑區深坑路中正橋
昌農橋,Beinoon Brideg,屏東縣,屏東市,高屏溪流域,高屏溪,120.4580290,22.6302780,194290.58,2503445.10,屏東縣屏東市189線公路(2.3公里處)
東石大橋,Dongshihda Bridge,嘉義縣,東石鄉,朴子溪流域,朴子溪,120.1774290,23.4592450,165962.29,2595378.36,嘉義縣東石鄉嘉168線公路
東海橋,Donghi Bridge,台中市,西屯區,烏溪流域,烏溪,120.6279360,24.1771020,212197.45,2674687.13,台中市西屯區中港路三段44-8號
東港大橋,Donggangda Bridge,屏東縣,東港鎮,東港溪流域,東港溪,120.4596350,22.4777170,194394.47,2486551.32,屏東縣東港鎮台17線公路(264.5公里處)
東勢大橋(原名東豐大橋),Dongfonda Bridge,台中市,東勢區,大甲溪流域,大甲溪,120.8214120,24.2610540,231866.97,2683946.24,台中市東勢區台3號公路22km處
東興大橋,Dongcin Bridge,苗栗縣,頭份鎮,中港溪流域,中港溪,120.9079070,24.6805520,240680.23,2730398.80,苗栗縣頭份鎮和平里
東興橋,Dong Xing Bridge,新竹縣,新豐鄉,新豐溪流域,新豐溪,121.0103101,24.9091388,251035.39,2755692.18,新竹縣新豐鄉竹2線與竹2-1線交會口
松竹大橋,Songchiuda Bridge,嘉義縣,竹崎鄉,朴子溪流域,朴子溪,120.5562130,23.5269310,204684.51,2602703.77,嘉義縣竹崎鄉竹崎親水公園上游
松鶴橋(原為長青橋),Changcing Bridge,台中市,和平區,大甲溪流域,大甲溪,120.9803150,24.1793660,248000.04,2674887.76,台中市和平區台8線29.5km處
板新取水口,Bansin Intake,新北市,鶯歌區,淡水河流域,大漢溪,121.3414250,24.9307050,284482.89,2758145.69,新北市鶯歌區鳶山攔水堰(北84線底)
枋山大橋(原為枋山橋),Fangshan Bridge,屏東縣,枋山鄉,枋山溪流域,枋山溪,120.6540670,22.2560990,214346.08,2461953.44,屏東縣枋山鄉台1線公路(488公里處)
枋寮大橋,Fangliuda Bridge,屏東縣,枋寮鄉,率芒溪流域,率芒溪,120.6117520,22.3432990,210009.61,2471619.19,屏東縣枋寮鄉台1線公路(437公里處)
林邊大橋,Linbianda Bridge,屏東縣,林邊鄉,林邊溪流域,林邊溪,120.5232660,22.4308170,200926.03,2481336.00,屏東縣林邊鄉台17號公路(264公里處)
武荖坑,Woolaokan,宜蘭縣,蘇澳鎮,新城溪流域,新城溪,121.8108600,24.6035000,332110.83,2722103.59,宜蘭縣蘇澳鎮武荖坑遊樂區內
直潭堰取水口,Chintan Weir Intake,新北市,新店區,淡水河流域,新店溪,121.5331350,24.9254100,303847.62,2757621.47,新北市新店區直潭路127號
知本溫泉橋,Jhihben hotspring Bridge,台東縣,太麻里鄉,知本溪流域,知本溪,121.0218300,22.6944600,252242.84,2510450.59,台東縣太麻里鄉東58線(2.5公里處)
知本橋,Jhihben Bridge,台東縣,太麻里鄉,知本溪流域,知本溪,121.0396000,22.7013960,254068.38,2511219.06,台東縣太麻里鄉台9線公路(391.5公里處)
社子橋,Shezih Bridge,桃園縣,新屋鄉,社子溪流域,社子溪,121.0940470,24.9608470,259496.12,2761444.27,桃園縣新屋鄉東明村中興路中華南路24巷交會口附近
花蓮大橋,Hualienda Bridge,花蓮縣,吉安鄉,花蓮溪流域,花蓮溪,121.5976990,23.9235460,310847.51,2646684.81,花蓮縣吉安鄉11號公路
迎賓橋,Inbin Bridge,台中市,和平區,大甲溪流域,大甲溪,121.3081520,24.3477730,281267.14,2693573.52,台中市和平區平等里武陵路武陵賓館前
金洋二號橋(原為金洋),Ginyang No 2,宜蘭縣,南澳鄉,南澳溪流域,南澳溪,121.7584420,24.4359470,326904.52,2703515.03,宜蘭縣南澳鄉金洋村金洋產業道路
阿公店出水口,Agongdian Reservoir Intake,高雄市,燕巢區,阿公店溪流域,阿公店溪,120.3453290,22.8115060,182794.34,2523559.75,高雄市燕巢區西燕里工程路100號
阿公店橋,Agongdian Bridge,高雄市,岡山區,阿公店溪流域,阿公店溪,120.2971030,22.7853050,177829.69,2520681.14,高雄市岡山區岡山路(台1線與縣186交界)
青葉橋,Chinyie Bridge,台南市,白河區,急水溪流域,急水溪,120.4071880,23.3386940,189381.42,2581912.81,台南市白河區縣165線公路(15公里處)
青潭堰,Chintan Weir,新北市,新店區,淡水河流域,新店溪,121.5452140,24.9414410,305060.50,2759402.00,新北市新店區新烏路
侯硐車站,Hodon Station,新北市,瑞芳區,淡水河流域,基隆河,121.8286700,25.0881540,333588.14,2775798.10,新北市瑞芳區侯硐車站(北37線)
前州橋,Cianchou Bridge,高雄市,岡山區,阿公店溪流域,阿公店溪,120.2798710,22.8029380,176069.76,2522642.28,高雄市岡山區本洲路(186縣道)
南崁溪橋,Nankan River Bridge,桃園縣,蘆竹鄉,南崁溪流域,南崁溪,121.2809570,25.0557330,278347.08,2771980.12,桃園縣蘆竹鄉4號公路
南港溪橋,Nangang River Bridge,苗栗縣,造橋鄉,中港溪流域,南港溪(苗),120.8678510,24.6558990,236623.94,2727671.63,苗栗縣造橋鄉1號公路98km處
南湖大橋,Nanhooda Bridge,台北市,南港區,淡水河流域,基隆河,121.6120210,25.0632350,311746.58,2772921.38,台北市內湖區康寧路
南華大橋,Nanhuada Bridge,屏東縣,高樹鄉,高屏溪流域,高屏溪,120.5896730,22.7703160,207865.31,2518908.33,屏東縣高樹鄉台27線公路(41.5公里處)
南萣橋,Nandin Bridge,台南市,南區,二仁溪流域,二仁溪,120.1845860,22.9187260,166358.03,2535515.30,台南市南區灣裡路(台17甲號公路17.5公里處)
南雄橋,Nansyong Bridge,高雄市,阿蓮區,二仁溪流域,二仁溪,120.3384510,22.8895340,182126.97,2532203.39,高雄市阿蓮區台19甲線公路(55公里處)
南雲大橋,Nanyunda Bridge,南投縣,竹山鎮,濁水溪流域,濁水溪,120.6569710,23.7591750,215034.86,2628395.07,南投縣竹山鎮3號公路246km處
南澳橋,Nanao Bridge,宜蘭縣,蘇澳鎮,南澳溪流域,南澳溪,121.7885990,24.4602920,329947.07,2706228.53,宜蘭縣蘇澳鎮9號公路(南澳市區)
厚生橋,Hocin Bridge,台南市,鹽水區,八掌溪流域,八掌溪,120.2530360,23.3285370,173612.07,2580860.91,台南市鹽水區台19線公路(98公里處)
客雅溪橋,Keya River Bridge,新竹市,北區,客雅溪流域,客雅溪,120.9588140,24.7967360,245835.90,2743264.60,新竹市北區中華路二段鐵道路
後池堰,Hochih Weir,桃園縣,龍潭鄉,淡水河流域,大漢溪,121.2516590,24.8241890,275438.60,2746328.08,桃園縣龍潭鄉台4線與台3乙線交會處附近
後龍溪橋,Houlong River Bridge,苗栗縣,後龍鎮,後龍溪流域,後龍溪,120.7842980,24.6087440,228158.59,2722459.65,苗栗縣後龍鎮台1號公路110km處
急水溪橋,Jishueici Bridge,台南市,柳營區,急水溪流域,急水溪,120.3241400,23.2961150,180866.97,2577234.72,台南市柳營區台1線公路(291公里處)
急水溪橋(原為鐵線里),Teisian Vi.,台南市,下營區,急水溪流域,急水溪,120.2773820,23.2608930,176064.56,2573357.24,台南市下營區鐵線里台19甲線公路(6.5公里處)
星見橋,Singein Bridge,桃園縣,桃園市,南崁溪流域,茄苳溪(桃),121.2826430,25.0097310,278527.87,2766885.18,桃園縣桃園市中正里110號公路與國際路口附近
柑子林橋,Gandzulin Bridge,南投縣,國姓鄉,烏溪流域,烏溪,120.8440200,24.0179990,234132.58,2657025.27,南投縣國姓鄉中正路二段213號
柑園大橋(取代後村圳取水口),Hocungein Intake,新北市,樹林區,淡水河流域,大漢溪,121.3816890,24.9624850,288539.62,2761676.54,新北市樹林區樂山里西圳路底
紅樹林橋(原為紅毛港大橋),Honmoa Harbor,新竹縣,新豐鄉,新豐溪流域,茄苳溪(竹),120.9787600,24.9091890,247854.49,2755719.47,新竹縣新豐鄉紅毛(紅毛港遊憩區)
美都麗橋,Meidooli Bridge,桃園縣,龍潭鄉,老街溪流域,老街溪,121.2132910,24.8742700,271551.49,2751868.54,桃園縣龍潭鄉龍潭村113號公路(中豐路)敏盛醫院旁
美慶山莊,Meichien Cottage,宜蘭縣,礁溪鄉,得子口溪流域,得子口溪,121.7470590,24.8314510,325512.10,2747315.75,宜蘭縣礁溪鄉五峰路
茄苳溪橋,Jiadong River Bridge,桃園縣,桃園市,南崁溪流域,茄苳溪(桃),121.2774370,25.0262000,277998.60,2768708.26,桃園縣蘆竹鄉大竹村南竹路
軍輝橋,Jyunhui Bridge,嘉義市,東區,八掌溪流域,八掌溪,120.4581350,23.4585540,194641.01,2595165.83,嘉義市東區吳鳳南路
重陽大橋,Chongyang Bridge,台北市,士林區,淡水河流域,淡水河本流,121.5027970,25.0841740,300718.16,2775195.29,台北市士林區延平北路旁
香雅橋,Siangya Bridge,新竹市,香山區,客雅溪流域,客雅溪,120.9253570,24.8032280,242453.58,2743985.11,新竹市香山區虎林里延平路三段旁
倡和橋,Chenho Bridge,台中市,北屯區,烏溪流域,烏溪,120.7053550,24.1696470,220061.64,2673842.80,台中市大坑東山路一段143-8號
員笨橋,Yuanben Bridge,桃園縣,楊梅鎮,福興溪流域,福興溪,121.0881330,24.9439440,258900.21,2759571.63,桃園縣楊梅鎮員笨桃104線
時潮橋(原為復興橋),Fusing Bridge,宜蘭縣,礁溪鄉,得子口溪流域,得子口溪,121.8128950,24.8177140,332176.16,2745832.23,宜蘭縣礁溪鄉竹安里4號道旁
浮洲橋,Fuchou Bridge,新北市,板橋區,淡水河流域,大漢溪,121.4362460,24.9950730,294036.69,2765302.66,新北市板橋區大觀路浮洲橋
海墘大橋,Hichenda Bridge,屏東縣,滿洲鄉,港口溪流域,港口溪,120.8410850,21.9886950,233590.42,2432313.94,屏東縣滿州鄉佳樂水台26線公路(52公里處)
海豐橋,Hifon Bridge,雲林縣,麥寮鄉,新虎尾溪流域,新虎尾溪,120.2457240,23.7403990,173104.01,2626477.32,雲林縣東勢鄉17號公路88km處
烏溪橋,Wu River Bridge,台中市,霧峰區,烏溪流域,烏溪,120.6955970,24.0089370,219031.58,2656046.32,台中市霧峰區3號公路
貢寮大橋,Gongliaoda Bridge,新北市,貢寮區,雙溪流域,雙溪,121.9095290,25.0207100,341795.06,2768379.67,新北市貢寮區102丙公路
馬蘭橋,Malan Bridge,台東縣,臺東市,太平溪流域,太平溪,121.1325950,22.7659810,263615.91,2518376.02,台東市台9線
高屏大橋,Gaopingda Bridge,高雄市,大樹區,高屏溪流域,高屏溪,120.4374110,22.6471260,192178.26,2505318.56,高雄市大樹區台1線公路(392.5公里處)
高速公路橋,Hiway Bridge,台中市,神岡區,大甲溪流域,大甲溪,120.6947070,24.2839310,219007.41,2686502.19,台中市國道一號164km處
高速鐵路橋下游便橋,High Speed Rail Bridge,高雄市,鳳山區,阿公店溪流域,阿公店溪,120.3282200,22.8038890,181034.33,2522724.13,高雄市岡山區大莊路
乾峰橋,Chenfon Bridge,南投縣,國姓鄉,烏溪流域,烏溪,120.8269120,24.0270470,232393.42,2658029.31,南投縣國姓鄉136號公路
國光橋,Guogwon Bridge,台中市,大里區,烏溪流域,旱溪,120.6795570,24.1174810,217427.13,2668071.16,台中市大里區國光路二段710號附近
國姓橋(原為國聖橋),Guoshen Bridge,台南市,安南區,曾文溪流域,曾文溪,120.1348200,23.0858000,161362.14,2554046.51,台南市安南區台17線174.5公里處
崇德橋,Chongdeda Bridge,高雄市,田寮區,二仁溪流域,二仁溪,120.3618470,22.8756770,184520.75,2530658.35,高雄市田寮區崗山頭高139線(1公里處)
崙埤橋(原為崙碑),Lonbei,宜蘭縣,大同鄉,蘭陽溪流域,蘭陽溪,121.6093760,24.6759970,311389.74,2730573.28,宜蘭縣大同鄉松羅村7號公路大同國小附近
梅林橋,Meilin Bridge,雲林縣,斗六市,北港溪流域,北港溪(雲),120.5907710,23.7092200,208271.10,2622880.65,雲林縣梅南里南仁路173號旁
梅南橋,Meinan Bridge,雲林縣,斗六市,北港溪流域,北港溪(雲),120.5999980,23.7005870,209209.35,2621921.91,雲林縣斗六市梅林里梅林路75-1號
淡水河口,Danshuei River Mouth,新北市,八里區,淡水河流域,淡水河本流,121.4227450,25.1709010,292612.98,2784774.01,新北市淡水區
深坑橋,Shenkeng Bridge,新竹縣,新豐鄉,福興溪流域,福興溪,121.0027160,24.9399010,250274.33,2759120.92,新竹縣新豐鄉後湖村省15號公路(西濱公路)
清水大閘,Cingshueida Gate,宜蘭縣,五結鄉,冬山河流域,冬山河,121.8329720,24.6920060,334290.55,2731920.29,宜蘭縣五結鄉季水路
清流橋,Cingliu Bridge,南投縣,仁愛鄉,烏溪流域,烏溪,120.9542910,24.0630830,245351.75,2662010.21,南投縣仁愛鄉互助村投82號公路
笨子港橋,Bendzugon Bridge,桃園縣,新屋鄉,社子溪流域,社子溪,121.0273060,24.9829920,252756.63,2763894.03,桃園縣新屋鄉154號公路
許厝港一號橋,Shiutsugan No.1,桃園縣,大園鄉,老街溪流域,老街溪,121.1778230,25.0775620,267938.17,2774380.29,桃園縣大園鄉內海村潮音路
逢甲橋,Fongia Bridge,台中市,北屯區,烏溪流域,烏溪,120.7377720,24.1784760,223357.37,2674814.09,台中市北屯區東山路一段428號
鹿鳴橋,Lumin Bridge,台東縣,鹿野鄉,卑南溪流域,卑南溪,121.0941990,22.8914450,259664.30,2532265.69,台東縣鹿野鄉台9線公路(356.5公里處)
麻善大橋,Marsonda Bridge,台南市,麻豆區,曾文溪流域,曾文溪,120.2607290,23.1714610,174310.22,2563461.90,台南市麻豆區台19甲線18.5公里處
普渡大橋,Podooda Bridge,花蓮縣,秀林鄉,立霧溪流域,立霧溪,121.4954960,24.1813090,300342.11,2675192.02,花蓮縣秀林鄉天祥8號公路
曾文一橋(原為曾文一號橋),Zengwun no.1 Bridge,台南市,楠西區,曾文溪流域,曾文溪,120.4881960,23.1922130,197607.90,2565659.84,台南市楠西區174線55公里處
曾文溪河口,Zengwun River Mouth,台南市,七股區,曾文溪流域,曾文溪,120.0626300,23.0444880,153936.58,2549517.05,台南市七股區與台南市安南區交界處
曾文溪橋,Zengwun River Bridge,台南市,善化區,曾文溪流域,曾文溪,120.3391440,23.1552270,182330.80,2561625.52,台南市善化區台1線公路(306公里處)
渡船大橋,Doochunda Bridge,新竹縣,關西鎮,鳳山溪流域,鳳山溪,121.1756530,24.7855550,267761.12,2742036.97,新竹縣關西鎮3號公路與竹25線交會口附近
港口橋,Gangkou Bridge,屏東縣,滿洲鄉,港口溪流域,港口溪,120.8191970,22.0014960,231331.93,2433733.76,屏東縣滿州鄉港口村200甲公路(0.5公里處)
港西抽水站,Gangci Pomping Station,屏東縣,新園鄉,東港溪流域,東港溪,120.4620070,22.5045230,194649.32,2489518.72,屏東縣新園鄉港西村台27線76公里處
湳雅取水口(取代溪洲大橋),Sichiuda Bridge,新竹市,北區,頭前溪流域,頭前溪,120.9792960,24.8250910,247907.19,2746404.68,新竹市北區湳雅里竹54-2號道
莿桐一號橋,Cihtong no. 1 Bridge,雲林縣,莿桐鄉,新虎尾溪流域,新虎尾溪,120.5081760,23.7514670,199864.93,2627585.94,雲林縣莿桐鄉台一丁公路1.5km處
華中大橋,Huajhong Bridge,新北市,中和區,淡水河流域,新店溪,121.4962700,25.0102130,300089.80,2767000.55,新北市中和區景平路中山路交會處附近
華江大橋,Huajhian Bridge,台北市,萬華區,淡水河流域,新店溪,121.4835090,25.0348980,298792.04,2769730.06,新北市板橋區文化路華江橋
象鼻橋,Siangbee Bridge,新竹縣,新豐鄉,新豐溪流域,茄苳溪(竹),120.9864670,24.8877350,248632.71,2753343.06,新竹縣新豐鄉象鼻村竹3線與竹5-1線交會口附近
貂嶺車站,Diolin Station,新北市,瑞芳區,淡水河流域,基隆河,121.8228180,25.0659410,333012.81,2773333.93,新北市瑞芳區貂嶺車站(北37線往三貂嶺)
集泉橋,Gichen Bridge,台中市,烏日區,烏溪流域,烏溪,120.6149940,24.1063360,210860.96,2666853.37,台中市烏日區12甲公路大鐘印染旁
集鹿大橋,Ji Lu Bridge,南投縣,鹿谷鄉,濁水溪流域,濁水溪,120.7828611,23.8150787,120.70,23.80,南投縣鹿谷鄉
雲嘉大橋,Yunchiada Bridge,雲林縣,口湖鄉,北港溪流域,北港溪(雲),120.1779340,23.5137940,166048.46,2601419.25,雲林縣口湖鄉17號公路118km處
愛蘭橋,Ailan Bridge,南投縣,埔里鎮,烏溪流域,烏溪,120.9465110,23.9669190,244556.60,2651360.57,南投縣埔里鎮中山路三段741號
新生橋,Sinshen Bridge,南投縣,埔里鎮,烏溪流域,烏溪,120.9588160,23.9541600,245808.41,2649947.10,南投縣埔里鎮南環路與新生路交叉口
新生橋(原為嘉新村),Chiacin Village,花蓮縣,新城鄉,美崙溪流域,美崙溪,121.6083950,24.0094050,311895.39,2656198.46,花蓮縣新城鄉嘉新村台9線與中央路交會口新生橋
新虎尾溪橋,Sinhuwei River Bridge,雲林縣,莿桐鄉,新虎尾溪流域,新虎尾溪,120.4970180,23.7508470,198727.31,2627521.25,雲林縣莿桐鄉莿桐村1號公路233km處
新城橋,Sincheng Bridge,宜蘭縣,蘇澳鎮,新城溪流域,新城溪,121.8123420,24.6152880,332253.11,2723410.22,宜蘭縣蘇澳鎮9號公路武荖坑遊樂區旁
新城橋,Sincheng Bridge,新竹縣,寶山鄉,鹽港溪流域,鹽港溪,120.9643810,24.7299070,246396.84,2735862.64,新竹縣寶山鄉新城村竹苗47號道
新埔大橋,Sinpooda Bridge,新竹縣,新埔鎮,鳳山溪流域,鳳山溪,121.0656870,24.8256810,256639.83,2746471.52,新竹縣新埔鎮118號公路
新海大橋,Cinhi Bridge,新北市,新莊區,淡水河流域,大漢溪,121.4546200,25.0328660,295877.46,2769494.93,新北市板橋區新海路
新埤大橋,Sinbeida Bridge,屏東縣,新埤鄉,林邊溪流域,林邊溪,120.5504200,22.4611970,203731.28,2484691.26,屏東縣新埤鄉台1號公路(422公里處)
新湖橋,Sinhoo Bridge,桃園縣,新屋鄉,福興溪流域,福興溪,121.0459570,24.9434460,254641.00,2759514.42,桃園縣新屋鄉邱厝桃竹107線
新發大橋,Sinfada Bridge,高雄市,六龜區,高屏溪流域,高屏溪,120.6691600,23.0485590,216096.83,2549698.55,高雄市六龜區新發里台27線3.5公里處
新園橋(原為大南橋),Danan Bridge,台東縣,臺東市,利嘉溪流域,利嘉溪,121.0492250,22.7607920,255055.03,2517796.13,台東市中興路六段與台9號青海路附近
新旗尾橋,Sinciwei Bridge,高雄市,旗山區,高屏溪流域,高屏溪,120.4878950,22.8740080,197453.82,2530423.12,高雄市旗山區台3線417公里處
新寮大橋,Sinliaoda Bridge,新北市,雙溪區,雙溪流域,雙溪,121.8347690,25.0317970,334241.91,2769559.19,新北市雙溪區上林村北38號道
新寮橋(原為新寮吊橋),Sinliao Suspension Bridge,高雄市,六龜區,高屏溪流域,高屏溪,120.6041810,22.8786960,209387.30,2530905.41,高雄市六龜區新寮里台27甲
新灣橋,Sinwun Bridge,台南市,永康區,鹽水溪流域,鹽水溪,120.2822020,23.0209390,176426.86,2546782.07,台南市永康區180線公路(8.5公里處)
暖江橋,Nungen Bridge,基隆市,暖暖區,淡水河流域,基隆河,121.7416290,25.1028360,324799.01,2777373.38,基隆市暖暖區台省道2丁路
楓林橋,Fonlin Bridge,新北市,石碇區,淡水河流域,景美溪,121.6419800,25.0107770,314796.78,2767124.71,新北市石碇區八分寮106號公路
楓港溪橋,Fongang Bridge,屏東縣,枋山鄉,楓港溪流域,楓港溪,120.6911680,22.1958610,218156.34,2455275.36,屏東縣枋山鄉台1線456公里處
溪南橋,Sinan Bridge,台中市,烏日區,烏溪流域,烏溪,120.6433710,24.0920680,213741.72,2665265.56,台中市烏日區127號公路友勝鋼鐵旁
瑞昌大橋(原為瑞豐大橋),Wanfonda Bridge,新竹縣,橫山鄉,頭前溪流域,頭前溪,121.1190790,24.6680600,262051.99,2729017.33,新竹縣橫山鄉上坪竹35號道
瑞穗大橋,Rueisueida Bridge,花蓮縣,瑞穗鄉,秀姑巒溪流域,秀姑巒溪,121.4040160,23.4854000,291267.32,2598092.58,花蓮縣瑞穗鄉193號公路
義里大橋,Yilida Bridge,苗栗縣,三義鄉,大安溪流域,大安溪,120.7365410,24.3569940,223269.68,2694585.47,苗栗縣三義鄉13號公路
萬大大橋,Wandada Bridge,高雄市,大寮區,高屏溪流域,高屏溪,120.4397850,22.5933590,192399.80,2499363.96,高雄市大寮區台88線公路(11公里處)
萬里溪橋,Wanlici Bridge,花蓮縣,鳳林鎮,花蓮溪流域,花蓮溪,121.4262390,23.7195970,293459.95,2624034.94,花蓮縣鳳林鎮9號公路
萬壽橋,Wanshou Bridge,台北市,文山區,淡水河流域,景美溪,121.5720450,24.9920530,307746.65,2765019.18,台北市文山區木新路萬壽橋
葫蘆堵大橋(原為上深溝),Shangshengo,宜蘭縣,員山鄉,蘭陽溪流域,蘭陽溪,121.6822540,24.7051820,319031.21,2733295.46,宜蘭縣員山鄉深溝村7號公路葫蘆堵大橋
誠仁橋,Chenren Bridge,新竹市,香山區,鹽港溪流域,鹽港溪,120.9062950,24.7408220,240521.72,2737074.32,新竹市香山區內湖里台13線
隘寮堰,AiLio Weir,屏東縣,瑪家鄉,高屏溪流域,高屏溪,120.6581360,22.7060210,214879.12,2511771.01,屏東縣瑪家鄉瑪家村原住民文化園區
嘉南大橋,Chiananda Bridge,台南市,北門區,八掌溪流域,八掌溪,120.1532940,23.3135280,163401.81,2579254.99,台南市北門區台17線公路(279.1公里處)
實踐橋,Shihgein Bridge,基隆市,七堵區,淡水河流域,基隆河,121.6933320,25.0787810,319941.37,2774682.89,基隆市七堵區實踐路
旗南橋,Cinan Bridge,高雄市,旗山區,高屏溪流域,高屏溪,120.4966080,22.8684500,198345.81,2529804.54,高雄市旗山區台3線418公里處
榮橋,Rong Bridge,雲林縣,斗六市,北港溪流域,北港溪(雲),120.5234350,23.7312150,201412.92,2625337.80,雲林縣斗六市大美村雲74公路9.5km處
碧潭吊橋(取代碧潭大橋),Beetan Bridge,新北市,新店區,淡水河流域,新店溪,121.5358150,24.9609240,304102.82,2761556.17,新北市新店區北新路
福馬圳,Fumazun,彰化縣,彰化市,烏溪流域,烏溪,120.5753200,24.1043860,206827.00,2666649.00,彰化市國聖里國聖路307號
網寮橋(原為建國村),Chenguo Village,台南市,永康區,二仁溪流域,二仁溪,120.2506000,22.9987210,173174.96,2544337.84,台南市永康區大灣路(180線)
鳳凰橋(原為青草湖),Chintsao Lake,新竹市,東區,客雅溪流域,客雅溪,120.9675160,24.7831980,246715.34,2741764.93,新竹市東區高峰里明湖路煙波飯店旁
廣興橋(取代屈尺堰),Chiuche Weir,新北市,新店區,淡水河流域,新店溪,121.5474950,24.9123310,305303.92,2756178.60,新北市新店區新烏路台九甲號道路
潮州大橋,Chaojhouda Bridge,屏東縣,潮洲鎮,東港溪流域,東港溪,120.5396610,22.5637880,202658.97,2496054.45,屏東縣潮州鎮台1線公路(407.7公里處)
蓬萊橋(原為阿公店溪),Agongdian River,高雄市,燕巢區,阿公店溪流域,阿公店溪,120.3612100,22.8032500,184420.62,2522638.38,高雄市燕巢區西燕村紅山巷(高29-1線0.6公里處)
噶瑪蘭橋(原為興蘭大橋),Sinlanda Bridge,宜蘭縣,壯圍鄉,蘭陽溪流域,蘭陽溪,121.8202310,24.7192370,332983.16,2734928.79,宜蘭縣壯圍鄉2號公路
樹王橋,Shuwan Bridge,台中市,大里區,烏溪流域,烏溪,120.6656630,24.1100450,216012.91,2667250.90,台中市大里區樹王路272號僑泰工商附近
澳尾橋,Aowei Bridge,宜蘭縣,南澳鄉,南澳溪流域,南澳溪,121.7800210,24.4491420,329084.39,2704988.59,宜蘭縣南澳鄉9號公路(出南澳市區)
興社大橋,Cinsheda Bridge,屏東縣,萬丹鄉,東港溪流域,東港溪,120.5041640,22.5421990,199000.41,2493675.60,屏東縣萬丹鄉興安村屏58線5.5公里處
錦文橋,Geinwun Bridge,花蓮縣,秀林鄉,立霧溪流域,立霧溪,121.6217480,24.1563480,313181.82,2672478.67,花蓮縣秀林鄉太魯閣9號公路
頭前溪橋,Toucian River Bridge,新竹市,東區,頭前溪流域,頭前溪,120.9970100,24.8228950,249697.79,2746161.31,新竹市東區台一省道與東西向快速道路交會口附近
頭屋大橋,Touwuda Bridge,苗栗縣,頭屋鄉,後龍溪流域,後龍溪,120.8457940,24.5746520,234381.26,2718675.34,苗栗縣頭屋鄉13號公路
龍安橋,Longanda Bridge,台中市,東勢區,大甲溪流域,大甲溪,120.8379180,24.1719360,233531.48,2674074.30,台中市東勢區台8號10.5km處
龍壽橋,Longsho Bridge,苗栗縣,西湖鄉,西湖溪流域,西湖溪,120.7478720,24.5333390,224454.87,2714114.32,苗栗縣西湖鄉四湖村縣119號公路9km處
龍德大橋,Longdeda Bridge,宜蘭縣,蘇澳鎮,新城溪流域,新城溪,121.8315600,24.6323640,334187.75,2725313.15,宜蘭縣蘇澳鎮2號公路
龍潭橋(原為龍鑾潭),Longluntan,屏東縣,恆春鎮,保力溪流域,保力溪,120.7378840,21.9881380,222933.72,2432266.95,屏東縣恆春鎮龍水里
龜山橋,Gueishan Bridge,苗栗縣,公館鄉,後龍溪流域,後龍溪,120.8159170,24.5364400,231349.53,2714446.88,苗栗縣公館鄉6號公路12km處
龜山橋,Gueishan Bridge,桃園縣,龜山鄉,南崁溪流域,南崁溪,121.3399500,24.9970220,284315.52,2765490.72,桃園縣龜山鄉台一甲線與光華路交叉口附近
環鄉橋(原為宋屋),Songwu,桃園縣,平鎮市,老街溪流域,老街溪,121.2100950,24.9433770,271216.79,2759522.31,桃園縣平鎮市宋屋村過嶺圳環南路二段環鄉橋
磺溪橋,Huang River Bridge,新北市,金山區,磺溪流域,磺溪,121.6304730,25.2269580,313523.38,2791065.21,新北市金山區台2線(中山路)
臨海橋,Linhia Bridge,屏東縣,車城鄉,保力溪流域,保力溪,120.7120610,22.0577710,220281.72,2439981.52,屏東縣車城鄉射寮村
舊港橋,Geogon Bridge,高雄市,彌陀區,阿公店溪流域,阿公店溪,120.2321270,22.8007420,171166.82,2522423.73,高雄市彌陀區復興路(高21線2.5公里處)
舊路大橋,Geolooda Bridge,桃園縣,龜山鄉,南崁溪流域,南崁溪,121.3623480,25.0187540,286570.05,2767903.77,桃園縣龜山鄉舊路村105號公路與桃7線交會口附近
豐化橋,Fonhua Bridge,台南市,新市區,鹽水溪流域,鹽水溪,120.2777770,23.0590840,175994.13,2551008.42,台南市新市區台1線公路(319公里處)
豐里橋,Fonli Bridge,台東縣,臺東市,太平溪流域,太平溪,121.1423270,22.7464490,264617.37,2516214.21,台東市中華路一段
豐源大橋,Fongyuanda Bridge,台東縣,臺東市,利嘉溪流域,利嘉溪,121.0951980,22.7234660,259778.74,2513665.37,台東縣台東市台11線公路(173.3公里處)
豐橋,Fon Bridge,雲林縣,崙背鄉,新虎尾溪流域,新虎尾溪,120.3473490,23.7420460,183465.54,2626608.48,雲林縣崙背鄉19號公路46km處
雙園大橋,Shuangyuanda Bridge,高雄市,林園區,高屏溪流域,高屏溪,120.4213210,22.4984670,190460.67,2488863.69,高雄市林園區台17線公路(250公里處)
懷恩橋(原為二重溪),Erchongci,屏東縣,車城鄉,四重溪流域,四重溪,120.7408320,22.0827920,223255.90,2442746.52,屏東縣車城鄉二重溪懷恩橋
關渡大橋,Gwandu Bridge,新北市,八里區,淡水河流域,淡水河本流,121.4572370,25.1248170,296107.15,2779680.77,新北市八里區成泰路四段與縣103號道交會處附近
隴東橋(原為龍東橋),Longdon Bridge,屏東縣,萬巒鄉,東港溪流域,東港溪,120.5829520,22.6029350,207123.14,2500376.02,屏東縣萬巒鄉泗溝村村園路
寶山水庫取水口,Paosan Reservoir water Intake,新竹縣,竹東鎮,頭前溪流域,頭前溪,121.1030449,24.6900185,255595.87,2737736.74,新竹縣竹東鎮東峰路(縣122號道)
寶橋,Bao Bridge,台北市,文山區,淡水河流域,景美溪,121.5532680,24.9792660,305856.84,2763594.96,新北市新店區寶橋路
觸口橋,Chuko Bridge,嘉義縣,番路鄉,八掌溪流域,八掌溪,120.6055810,23.4389760,209698.92,2592948.74,嘉義縣番路鄉台18線公路(20公里處)
蘭陽大橋,Lanyangda Bridge,宜蘭縣,五結鄉,蘭陽溪流域,蘭陽溪,121.7722880,24.7135820,328136.13,2734274.19,宜蘭縣五結鄉8號公路
鹽水溪橋,Yanshuei River Bridge,台南市,安南區,鹽水溪流域,鹽水溪,120.1924680,23.0197730,167228.20,2546700.79,台南市安南區台17甲公路
觀光大橋(取代北港大橋),Beigangda Bridge,雲林縣,北港鎮,北港溪流域,北港溪(雲),120.3014900,23.5625590,178693.05,2606752.95,雲林縣北港鎮19號公路68km處
