SiteName,SiteEngName,County,Township,Basin,River,TWD97Lon,TWD97Lat,TWD97TM2X,TWD97TM2Y,SampleDate,ItemName,ItemEngName,ItemEngAbbreviation,ItemValue,ItemUnit
軍輝橋,"Jyunhui Bridge",嘉義市,,八掌溪流域,八掌溪,120.4581350000,23.4585540000,,,2013-06-07,汞,Mercury,Hg,<0.0003,mg/L
軍輝橋,"Jyunhui Bridge",嘉義市,,八掌溪流域,八掌溪,120.4581350000,23.4585540000,,,2013-06-07,六價鉻,"Hexavalent Chromium","Cr 6+",<0.002,mg/L
軍輝橋,"Jyunhui Bridge",嘉義市,,八掌溪流域,八掌溪,120.4581350000,23.4585540000,,,2013-06-07,銀,Silver,Ag,<0.001,mg/L
軍輝橋,"Jyunhui Bridge",嘉義市,,八掌溪流域,八掌溪,120.4581350000,23.4585540000,,,2013-06-07,鎘,Cadmium,Cd,<0.001,mg/L
軍輝橋,"Jyunhui Bridge",嘉義市,,八掌溪流域,八掌溪,120.4581350000,23.4585540000,,,2013-06-07,砷,Arsenic,As,0.0024,mg/L
軍輝橋,"Jyunhui Bridge",嘉義市,,八掌溪流域,八掌溪,120.4581350000,23.4585540000,,,2013-06-07,鉛,Lead,Pb,<0.003,mg/L
軍輝橋,"Jyunhui Bridge",嘉義市,,八掌溪流域,八掌溪,120.4581350000,23.4585540000,,,2013-06-07,銅,Copper,Cu,<0.001,mg/L
軍輝橋,"Jyunhui Bridge",嘉義市,,八掌溪流域,八掌溪,120.4581350000,23.4585540000,,,2013-06-07,鋅,Zinc,Zn,0.004,mg/L
軍輝橋,"Jyunhui Bridge",嘉義市,,八掌溪流域,八掌溪,120.4581350000,23.4585540000,,,2013-06-07,錳,Manganese,Mn,0.053,mg/L
軍輝橋,"Jyunhui Bridge",嘉義市,,八掌溪流域,八掌溪,120.4581350000,23.4585540000,,,2013-06-07,總磷,Total-Phosphate,TP,0.013,mg/L
軍輝橋,"Jyunhui Bridge",嘉義市,,八掌溪流域,八掌溪,120.4581350000,23.4585540000,,,2013-06-07,硝酸鹽氮,Nitrate-Nitrogen,NO3-N,1.08,mg/L
牛稠溪橋,"Neochoci Bridge",嘉義市,,朴子溪流域,朴子溪,120.4434030000,23.5137640000,,,2013-06-07,汞,Mercury,Hg,<0.0003,mg/L
牛稠溪橋,"Neochoci Bridge",嘉義市,,朴子溪流域,朴子溪,120.4434030000,23.5137640000,,,2013-06-07,六價鉻,"Hexavalent Chromium","Cr 6+",<0.002,mg/L
牛稠溪橋,"Neochoci Bridge",嘉義市,,朴子溪流域,朴子溪,120.4434030000,23.5137640000,,,2013-06-07,銀,Silver,Ag,<0.001,mg/L
牛稠溪橋,"Neochoci Bridge",嘉義市,,朴子溪流域,朴子溪,120.4434030000,23.5137640000,,,2013-06-07,鎘,Cadmium,Cd,<0.001,mg/L
牛稠溪橋,"Neochoci Bridge",嘉義市,,朴子溪流域,朴子溪,120.4434030000,23.5137640000,,,2013-06-07,砷,Arsenic,As,0.0042,mg/L
牛稠溪橋,"Neochoci Bridge",嘉義市,,朴子溪流域,朴子溪,120.4434030000,23.5137640000,,,2013-06-07,鉛,Lead,Pb,<0.003,mg/L
牛稠溪橋,"Neochoci Bridge",嘉義市,,朴子溪流域,朴子溪,120.4434030000,23.5137640000,,,2013-06-07,銅,Copper,Cu,0.003,mg/L
牛稠溪橋,"Neochoci Bridge",嘉義市,,朴子溪流域,朴子溪,120.4434030000,23.5137640000,,,2013-06-07,鋅,Zinc,Zn,0.045,mg/L
牛稠溪橋,"Neochoci Bridge",嘉義市,,朴子溪流域,朴子溪,120.4434030000,23.5137640000,,,2013-06-07,錳,Manganese,Mn,0.119,mg/L
牛稠溪橋,"Neochoci Bridge",嘉義市,,朴子溪流域,朴子溪,120.4434030000,23.5137640000,,,2013-06-07,總磷,Total-Phosphate,TP,0.276,mg/L
牛稠溪橋,"Neochoci Bridge",嘉義市,,朴子溪流域,朴子溪,120.4434030000,23.5137640000,,,2013-06-07,硝酸鹽氮,Nitrate-Nitrogen,NO3-N,2.79,mg/L
八掌溪橋,"Bajhang River Bridge",嘉義縣,,八掌溪流域,八掌溪,120.3817190000,23.4038180000,,,2013-06-07,汞,Mercury,Hg,<0.0003,mg/L
八掌溪橋,"Bajhang River Bridge",嘉義縣,,八掌溪流域,八掌溪,120.3817190000,23.4038180000,,,2013-06-07,六價鉻,"Hexavalent Chromium","Cr 6+",<0.002,mg/L
八掌溪橋,"Bajhang River Bridge",嘉義縣,,八掌溪流域,八掌溪,120.3817190000,23.4038180000,,,2013-06-07,銀,Silver,Ag,<0.001,mg/L
八掌溪橋,"Bajhang River Bridge",嘉義縣,,八掌溪流域,八掌溪,120.3817190000,23.4038180000,,,2013-06-07,鎘,Cadmium,Cd,<0.001,mg/L
八掌溪橋,"Bajhang River Bridge",嘉義縣,,八掌溪流域,八掌溪,120.3817190000,23.4038180000,,,2013-06-07,砷,Arsenic,As,0.0067,mg/L
八掌溪橋,"Bajhang River Bridge",嘉義縣,,八掌溪流域,八掌溪,120.3817190000,23.4038180000,,,2013-06-07,鉛,Lead,Pb,<0.003,mg/L
八掌溪橋,"Bajhang River Bridge",嘉義縣,,八掌溪流域,八掌溪,120.3817190000,23.4038180000,,,2013-06-07,銅,Copper,Cu,0.002,mg/L
八掌溪橋,"Bajhang River Bridge",嘉義縣,,八掌溪流域,八掌溪,120.3817190000,23.4038180000,,,2013-06-07,鋅,Zinc,Zn,0.022,mg/L
八掌溪橋,"Bajhang River Bridge",嘉義縣,,八掌溪流域,八掌溪,120.3817190000,23.4038180000,,,2013-06-07,錳,Manganese,Mn,0.239,mg/L
八掌溪橋,"Bajhang River Bridge",嘉義縣,,八掌溪流域,八掌溪,120.3817190000,23.4038180000,,,2013-06-07,總磷,Total-Phosphate,TP,0.413,mg/L
八掌溪橋,"Bajhang River Bridge",嘉義縣,,八掌溪流域,八掌溪,120.3817190000,23.4038180000,,,2013-06-07,硝酸鹽氮,Nitrate-Nitrogen,NO3-N,0.73,mg/L
五虎寮橋(取代舊橋),"Wuhuliao Bridge",嘉義縣,,八掌溪流域,八掌溪,120.5536940000,23.4509250000,,,2013-06-07,汞,Mercury,Hg,-,mg/L
五虎寮橋(取代舊橋),"Wuhuliao Bridge",嘉義縣,,八掌溪流域,八掌溪,120.5536940000,23.4509250000,,,2013-06-07,六價鉻,"Hexavalent Chromium","Cr 6+",-,mg/L
五虎寮橋(取代舊橋),"Wuhuliao Bridge",嘉義縣,,八掌溪流域,八掌溪,120.5536940000,23.4509250000,,,2013-06-07,銀,Silver,Ag,-,mg/L
五虎寮橋(取代舊橋),"Wuhuliao Bridge",嘉義縣,,八掌溪流域,八掌溪,120.5536940000,23.4509250000,,,2013-06-07,鎘,Cadmium,Cd,-,mg/L
五虎寮橋(取代舊橋),"Wuhuliao Bridge",嘉義縣,,八掌溪流域,八掌溪,120.5536940000,23.4509250000,,,2013-06-07,砷,Arsenic,As,-,mg/L
五虎寮橋(取代舊橋),"Wuhuliao Bridge",嘉義縣,,八掌溪流域,八掌溪,120.5536940000,23.4509250000,,,2013-06-07,鉛,Lead,Pb,-,mg/L
五虎寮橋(取代舊橋),"Wuhuliao Bridge",嘉義縣,,八掌溪流域,八掌溪,120.5536940000,23.4509250000,,,2013-06-07,銅,Copper,Cu,-,mg/L
五虎寮橋(取代舊橋),"Wuhuliao Bridge",嘉義縣,,八掌溪流域,八掌溪,120.5536940000,23.4509250000,,,2013-06-07,鋅,Zinc,Zn,-,mg/L
五虎寮橋(取代舊橋),"Wuhuliao Bridge",嘉義縣,,八掌溪流域,八掌溪,120.5536940000,23.4509250000,,,2013-06-07,錳,Manganese,Mn,-,mg/L
五虎寮橋(取代舊橋),"Wuhuliao Bridge",嘉義縣,,八掌溪流域,八掌溪,120.5536940000,23.4509250000,,,2013-06-07,總磷,Total-Phosphate,TP,-,mg/L
五虎寮橋(取代舊橋),"Wuhuliao Bridge",嘉義縣,,八掌溪流域,八掌溪,120.5536940000,23.4509250000,,,2013-06-07,硝酸鹽氮,Nitrate-Nitrogen,NO3-N,-,mg/L
觸口橋,"Chuko Bridge",嘉義縣,,八掌溪流域,八掌溪,120.6055810000,23.4389760000,,,2013-06-07,汞,Mercury,Hg,<0.0003,mg/L
觸口橋,"Chuko Bridge",嘉義縣,,八掌溪流域,八掌溪,120.6055810000,23.4389760000,,,2013-06-07,六價鉻,"Hexavalent Chromium","Cr 6+",<0.002,mg/L
觸口橋,"Chuko Bridge",嘉義縣,,八掌溪流域,八掌溪,120.6055810000,23.4389760000,,,2013-06-07,銀,Silver,Ag,<0.001,mg/L
觸口橋,"Chuko Bridge",嘉義縣,,八掌溪流域,八掌溪,120.6055810000,23.4389760000,,,2013-06-07,鎘,Cadmium,Cd,<0.001,mg/L
觸口橋,"Chuko Bridge",嘉義縣,,八掌溪流域,八掌溪,120.6055810000,23.4389760000,,,2013-06-07,砷,Arsenic,As,<0.0003,mg/L
觸口橋,"Chuko Bridge",嘉義縣,,八掌溪流域,八掌溪,120.6055810000,23.4389760000,,,2013-06-07,鉛,Lead,Pb,0.004,mg/L
觸口橋,"Chuko Bridge",嘉義縣,,八掌溪流域,八掌溪,120.6055810000,23.4389760000,,,2013-06-07,銅,Copper,Cu,<0.001,mg/L
觸口橋,"Chuko Bridge",嘉義縣,,八掌溪流域,八掌溪,120.6055810000,23.4389760000,,,2013-06-07,鋅,Zinc,Zn,0.003,mg/L
觸口橋,"Chuko Bridge",嘉義縣,,八掌溪流域,八掌溪,120.6055810000,23.4389760000,,,2013-06-07,錳,Manganese,Mn,0.010,mg/L
觸口橋,"Chuko Bridge",嘉義縣,,八掌溪流域,八掌溪,120.6055810000,23.4389760000,,,2013-06-07,總磷,Total-Phosphate,TP,0.013,mg/L
觸口橋,"Chuko Bridge",嘉義縣,,八掌溪流域,八掌溪,120.6055810000,23.4389760000,,,2013-06-07,硝酸鹽氮,Nitrate-Nitrogen,NO3-N,0.56,mg/L
二高便道橋,"Second Super highway Sidewalk bridge",嘉義縣,,朴子溪流域,朴子溪,120.4895370000,23.5069090000,,,2013-06-07,汞,Mercury,Hg,<0.0003,mg/L
二高便道橋,"Second Super highway Sidewalk bridge",嘉義縣,,朴子溪流域,朴子溪,120.4895370000,23.5069090000,,,2013-06-07,六價鉻,"Hexavalent Chromium","Cr 6+",<0.002,mg/L
二高便道橋,"Second Super highway Sidewalk bridge",嘉義縣,,朴子溪流域,朴子溪,120.4895370000,23.5069090000,,,2013-06-07,銀,Silver,Ag,<0.001,mg/L
二高便道橋,"Second Super highway Sidewalk bridge",嘉義縣,,朴子溪流域,朴子溪,120.4895370000,23.5069090000,,,2013-06-07,鎘,Cadmium,Cd,<0.001,mg/L
二高便道橋,"Second Super highway Sidewalk bridge",嘉義縣,,朴子溪流域,朴子溪,120.4895370000,23.5069090000,,,2013-06-07,砷,Arsenic,As,0.0020,mg/L
二高便道橋,"Second Super highway Sidewalk bridge",嘉義縣,,朴子溪流域,朴子溪,120.4895370000,23.5069090000,,,2013-06-07,鉛,Lead,Pb,<0.003,mg/L
二高便道橋,"Second Super highway Sidewalk bridge",嘉義縣,,朴子溪流域,朴子溪,120.4895370000,23.5069090000,,,2013-06-07,銅,Copper,Cu,<0.001,mg/L
二高便道橋,"Second Super highway Sidewalk bridge",嘉義縣,,朴子溪流域,朴子溪,120.4895370000,23.5069090000,,,2013-06-07,鋅,Zinc,Zn,0.009,mg/L
二高便道橋,"Second Super highway Sidewalk bridge",嘉義縣,,朴子溪流域,朴子溪,120.4895370000,23.5069090000,,,2013-06-07,錳,Manganese,Mn,0.042,mg/L
二高便道橋,"Second Super highway Sidewalk bridge",嘉義縣,,朴子溪流域,朴子溪,120.4895370000,23.5069090000,,,2013-06-07,總磷,Total-Phosphate,TP,0.056,mg/L
二高便道橋,"Second Super highway Sidewalk bridge",嘉義縣,,朴子溪流域,朴子溪,120.4895370000,23.5069090000,,,2013-06-07,硝酸鹽氮,Nitrate-Nitrogen,NO3-N,1.26,mg/L
竹崎大橋,"Jhucida Bridge",嘉義縣,,朴子溪流域,朴子溪,120.5462890000,23.5249580000,,,2013-06-07,汞,Mercury,Hg,-,mg/L
竹崎大橋,"Jhucida Bridge",嘉義縣,,朴子溪流域,朴子溪,120.5462890000,23.5249580000,,,2013-06-07,六價鉻,"Hexavalent Chromium","Cr 6+",-,mg/L
竹崎大橋,"Jhucida Bridge",嘉義縣,,朴子溪流域,朴子溪,120.5462890000,23.5249580000,,,2013-06-07,銀,Silver,Ag,-,mg/L
竹崎大橋,"Jhucida Bridge",嘉義縣,,朴子溪流域,朴子溪,120.5462890000,23.5249580000,,,2013-06-07,鎘,Cadmium,Cd,-,mg/L
竹崎大橋,"Jhucida Bridge",嘉義縣,,朴子溪流域,朴子溪,120.5462890000,23.5249580000,,,2013-06-07,砷,Arsenic,As,-,mg/L
竹崎大橋,"Jhucida Bridge",嘉義縣,,朴子溪流域,朴子溪,120.5462890000,23.5249580000,,,2013-06-07,鉛,Lead,Pb,-,mg/L
竹崎大橋,"Jhucida Bridge",嘉義縣,,朴子溪流域,朴子溪,120.5462890000,23.5249580000,,,2013-06-07,銅,Copper,Cu,-,mg/L
竹崎大橋,"Jhucida Bridge",嘉義縣,,朴子溪流域,朴子溪,120.5462890000,23.5249580000,,,2013-06-07,鋅,Zinc,Zn,-,mg/L
竹崎大橋,"Jhucida Bridge",嘉義縣,,朴子溪流域,朴子溪,120.5462890000,23.5249580000,,,2013-06-07,錳,Manganese,Mn,-,mg/L
竹崎大橋,"Jhucida Bridge",嘉義縣,,朴子溪流域,朴子溪,120.5462890000,23.5249580000,,,2013-06-07,總磷,Total-Phosphate,TP,-,mg/L
竹崎大橋,"Jhucida Bridge",嘉義縣,,朴子溪流域,朴子溪,120.5462890000,23.5249580000,,,2013-06-07,硝酸鹽氮,Nitrate-Nitrogen,NO3-N,-,mg/L
東石大橋,"Dongshihda Bridge",嘉義縣,,朴子溪流域,朴子溪,120.1774290000,23.4592450000,,,2013-06-07,汞,Mercury,Hg,<0.0003,mg/L
東石大橋,"Dongshihda Bridge",嘉義縣,,朴子溪流域,朴子溪,120.1774290000,23.4592450000,,,2013-06-07,六價鉻,"Hexavalent Chromium","Cr 6+",<0.002,mg/L
東石大橋,"Dongshihda Bridge",嘉義縣,,朴子溪流域,朴子溪,120.1774290000,23.4592450000,,,2013-06-07,銀,Silver,Ag,<0.001,mg/L
東石大橋,"Dongshihda Bridge",嘉義縣,,朴子溪流域,朴子溪,120.1774290000,23.4592450000,,,2013-06-07,鎘,Cadmium,Cd,<0.001,mg/L
東石大橋,"Dongshihda Bridge",嘉義縣,,朴子溪流域,朴子溪,120.1774290000,23.4592450000,,,2013-06-07,砷,Arsenic,As,0.0098,mg/L
東石大橋,"Dongshihda Bridge",嘉義縣,,朴子溪流域,朴子溪,120.1774290000,23.4592450000,,,2013-06-07,鉛,Lead,Pb,<0.003,mg/L
東石大橋,"Dongshihda Bridge",嘉義縣,,朴子溪流域,朴子溪,120.1774290000,23.4592450000,,,2013-06-07,銅,Copper,Cu,0.004,mg/L
東石大橋,"Dongshihda Bridge",嘉義縣,,朴子溪流域,朴子溪,120.1774290000,23.4592450000,,,2013-06-07,鋅,Zinc,Zn,0.024,mg/L
東石大橋,"Dongshihda Bridge",嘉義縣,,朴子溪流域,朴子溪,120.1774290000,23.4592450000,,,2013-06-07,錳,Manganese,Mn,0.128,mg/L
東石大橋,"Dongshihda Bridge",嘉義縣,,朴子溪流域,朴子溪,120.1774290000,23.4592450000,,,2013-06-07,總磷,Total-Phosphate,TP,0.348,mg/L
東石大橋,"Dongshihda Bridge",嘉義縣,,朴子溪流域,朴子溪,120.1774290000,23.4592450000,,,2013-06-07,硝酸鹽氮,Nitrate-Nitrogen,NO3-N,1.30,mg/L
朴子溪橋,"Puzih River Bridge",嘉義縣,,朴子溪流域,朴子溪,120.2450610000,23.4756060000,,,2013-06-07,汞,Mercury,Hg,<0.0003,mg/L
朴子溪橋,"Puzih River Bridge",嘉義縣,,朴子溪流域,朴子溪,120.2450610000,23.4756060000,,,2013-06-07,六價鉻,"Hexavalent Chromium","Cr 6+",<0.002,mg/L
朴子溪橋,"Puzih River Bridge",嘉義縣,,朴子溪流域,朴子溪,120.2450610000,23.4756060000,,,2013-06-07,銀,Silver,Ag,<0.001,mg/L
朴子溪橋,"Puzih River Bridge",嘉義縣,,朴子溪流域,朴子溪,120.2450610000,23.4756060000,,,2013-06-07,鎘,Cadmium,Cd,<0.001,mg/L
朴子溪橋,"Puzih River Bridge",嘉義縣,,朴子溪流域,朴子溪,120.2450610000,23.4756060000,,,2013-06-07,砷,Arsenic,As,0.0078,mg/L
朴子溪橋,"Puzih River Bridge",嘉義縣,,朴子溪流域,朴子溪,120.2450610000,23.4756060000,,,2013-06-07,鉛,Lead,Pb,0.004,mg/L
朴子溪橋,"Puzih River Bridge",嘉義縣,,朴子溪流域,朴子溪,120.2450610000,23.4756060000,,,2013-06-07,銅,Copper,Cu,0.004,mg/L
朴子溪橋,"Puzih River Bridge",嘉義縣,,朴子溪流域,朴子溪,120.2450610000,23.4756060000,,,2013-06-07,鋅,Zinc,Zn,0.022,mg/L
朴子溪橋,"Puzih River Bridge",嘉義縣,,朴子溪流域,朴子溪,120.2450610000,23.4756060000,,,2013-06-07,錳,Manganese,Mn,0.153,mg/L
朴子溪橋,"Puzih River Bridge",嘉義縣,,朴子溪流域,朴子溪,120.2450610000,23.4756060000,,,2013-06-07,總磷,Total-Phosphate,TP,0.388,mg/L
朴子溪橋,"Puzih River Bridge",嘉義縣,,朴子溪流域,朴子溪,120.2450610000,23.4756060000,,,2013-06-07,硝酸鹽氮,Nitrate-Nitrogen,NO3-N,1.27,mg/L
介壽橋,"Jieshou Bridge",嘉義縣,,朴子溪流域,朴子溪,120.2932600000,23.4820600000,,,2013-06-07,汞,Mercury,Hg,<0.0003,mg/L
介壽橋,"Jieshou Bridge",嘉義縣,,朴子溪流域,朴子溪,120.2932600000,23.4820600000,,,2013-06-07,六價鉻,"Hexavalent Chromium","Cr 6+",<0.002,mg/L
介壽橋,"Jieshou Bridge",嘉義縣,,朴子溪流域,朴子溪,120.2932600000,23.4820600000,,,2013-06-07,銀,Silver,Ag,<0.001,mg/L
介壽橋,"Jieshou Bridge",嘉義縣,,朴子溪流域,朴子溪,120.2932600000,23.4820600000,,,2013-06-07,鎘,Cadmium,Cd,<0.001,mg/L
介壽橋,"Jieshou Bridge",嘉義縣,,朴子溪流域,朴子溪,120.2932600000,23.4820600000,,,2013-06-07,砷,Arsenic,As,0.0079,mg/L
介壽橋,"Jieshou Bridge",嘉義縣,,朴子溪流域,朴子溪,120.2932600000,23.4820600000,,,2013-06-07,鉛,Lead,Pb,<0.003,mg/L
介壽橋,"Jieshou Bridge",嘉義縣,,朴子溪流域,朴子溪,120.2932600000,23.4820600000,,,2013-06-07,銅,Copper,Cu,0.005,mg/L
介壽橋,"Jieshou Bridge",嘉義縣,,朴子溪流域,朴子溪,120.2932600000,23.4820600000,,,2013-06-07,鋅,Zinc,Zn,0.022,mg/L
介壽橋,"Jieshou Bridge",嘉義縣,,朴子溪流域,朴子溪,120.2932600000,23.4820600000,,,2013-06-07,錳,Manganese,Mn,0.113,mg/L
介壽橋,"Jieshou Bridge",嘉義縣,,朴子溪流域,朴子溪,120.2932600000,23.4820600000,,,2013-06-07,總磷,Total-Phosphate,TP,0.559,mg/L
介壽橋,"Jieshou Bridge",嘉義縣,,朴子溪流域,朴子溪,120.2932600000,23.4820600000,,,2013-06-07,硝酸鹽氮,Nitrate-Nitrogen,NO3-N,1.38,mg/L
月眉潭橋,"Yuemeitan Bridge",嘉義縣,,朴子溪流域,朴子溪,120.3604160000,23.5140910000,,,2013-06-07,汞,Mercury,Hg,<0.0003,mg/L
月眉潭橋,"Yuemeitan Bridge",嘉義縣,,朴子溪流域,朴子溪,120.3604160000,23.5140910000,,,2013-06-07,六價鉻,"Hexavalent Chromium","Cr 6+",<0.002,mg/L
月眉潭橋,"Yuemeitan Bridge",嘉義縣,,朴子溪流域,朴子溪,120.3604160000,23.5140910000,,,2013-06-07,銀,Silver,Ag,<0.001,mg/L
月眉潭橋,"Yuemeitan Bridge",嘉義縣,,朴子溪流域,朴子溪,120.3604160000,23.5140910000,,,2013-06-07,鎘,Cadmium,Cd,<0.001,mg/L
月眉潭橋,"Yuemeitan Bridge",嘉義縣,,朴子溪流域,朴子溪,120.3604160000,23.5140910000,,,2013-06-07,砷,Arsenic,As,0.0070,mg/L
月眉潭橋,"Yuemeitan Bridge",嘉義縣,,朴子溪流域,朴子溪,120.3604160000,23.5140910000,,,2013-06-07,鉛,Lead,Pb,<0.003,mg/L
月眉潭橋,"Yuemeitan Bridge",嘉義縣,,朴子溪流域,朴子溪,120.3604160000,23.5140910000,,,2013-06-07,銅,Copper,Cu,0.002,mg/L
月眉潭橋,"Yuemeitan Bridge",嘉義縣,,朴子溪流域,朴子溪,120.3604160000,23.5140910000,,,2013-06-07,鋅,Zinc,Zn,0.044,mg/L
月眉潭橋,"Yuemeitan Bridge",嘉義縣,,朴子溪流域,朴子溪,120.3604160000,23.5140910000,,,2013-06-07,錳,Manganese,Mn,0.159,mg/L
月眉潭橋,"Yuemeitan Bridge",嘉義縣,,朴子溪流域,朴子溪,120.3604160000,23.5140910000,,,2013-06-07,總磷,Total-Phosphate,TP,0.603,mg/L
月眉潭橋,"Yuemeitan Bridge",嘉義縣,,朴子溪流域,朴子溪,120.3604160000,23.5140910000,,,2013-06-07,硝酸鹽氮,Nitrate-Nitrogen,NO3-N,1.30,mg/L
松竹大橋,"Songchiuda Bridge",嘉義縣,,朴子溪流域,朴子溪,120.5562130000,23.5269310000,,,2013-06-07,汞,Mercury,Hg,<0.0003,mg/L
松竹大橋,"Songchiuda Bridge",嘉義縣,,朴子溪流域,朴子溪,120.5562130000,23.5269310000,,,2013-06-07,六價鉻,"Hexavalent Chromium","Cr 6+",<0.002,mg/L
松竹大橋,"Songchiuda Bridge",嘉義縣,,朴子溪流域,朴子溪,120.5562130000,23.5269310000,,,2013-06-07,銀,Silver,Ag,<0.001,mg/L
松竹大橋,"Songchiuda Bridge",嘉義縣,,朴子溪流域,朴子溪,120.5562130000,23.5269310000,,,2013-06-07,鎘,Cadmium,Cd,<0.001,mg/L
松竹大橋,"Songchiuda Bridge",嘉義縣,,朴子溪流域,朴子溪,120.5562130000,23.5269310000,,,2013-06-07,砷,Arsenic,As,0.0005,mg/L
松竹大橋,"Songchiuda Bridge",嘉義縣,,朴子溪流域,朴子溪,120.5562130000,23.5269310000,,,2013-06-07,鉛,Lead,Pb,<0.003,mg/L
松竹大橋,"Songchiuda Bridge",嘉義縣,,朴子溪流域,朴子溪,120.5562130000,23.5269310000,,,2013-06-07,銅,Copper,Cu,<0.001,mg/L
松竹大橋,"Songchiuda Bridge",嘉義縣,,朴子溪流域,朴子溪,120.5562130000,23.5269310000,,,2013-06-07,鋅,Zinc,Zn,0.006,mg/L
松竹大橋,"Songchiuda Bridge",嘉義縣,,朴子溪流域,朴子溪,120.5562130000,23.5269310000,,,2013-06-07,錳,Manganese,Mn,<0.005,mg/L
松竹大橋,"Songchiuda Bridge",嘉義縣,,朴子溪流域,朴子溪,120.5562130000,23.5269310000,,,2013-06-07,總磷,Total-Phosphate,TP,0.018,mg/L
松竹大橋,"Songchiuda Bridge",嘉義縣,,朴子溪流域,朴子溪,120.5562130000,23.5269310000,,,2013-06-07,硝酸鹽氮,Nitrate-Nitrogen,NO3-N,0.73,mg/L
二港橋,"Erngon Bridge",台南市,,急水溪流域,急水溪,120.1904270000,23.2660400000,,,2013-06-07,汞,Mercury,Hg,<0.0003,mg/L
二港橋,"Erngon Bridge",台南市,,急水溪流域,急水溪,120.1904270000,23.2660400000,,,2013-06-07,六價鉻,"Hexavalent Chromium","Cr 6+",<0.002,mg/L
二港橋,"Erngon Bridge",台南市,,急水溪流域,急水溪,120.1904270000,23.2660400000,,,2013-06-07,銀,Silver,Ag,<0.001,mg/L
二港橋,"Erngon Bridge",台南市,,急水溪流域,急水溪,120.1904270000,23.2660400000,,,2013-06-07,鎘,Cadmium,Cd,<0.001,mg/L
二港橋,"Erngon Bridge",台南市,,急水溪流域,急水溪,120.1904270000,23.2660400000,,,2013-06-07,砷,Arsenic,As,0.0076,mg/L
二港橋,"Erngon Bridge",台南市,,急水溪流域,急水溪,120.1904270000,23.2660400000,,,2013-06-07,鉛,Lead,Pb,<0.003,mg/L
二港橋,"Erngon Bridge",台南市,,急水溪流域,急水溪,120.1904270000,23.2660400000,,,2013-06-07,銅,Copper,Cu,0.004,mg/L
二港橋,"Erngon Bridge",台南市,,急水溪流域,急水溪,120.1904270000,23.2660400000,,,2013-06-07,鋅,Zinc,Zn,0.009,mg/L
二港橋,"Erngon Bridge",台南市,,急水溪流域,急水溪,120.1904270000,23.2660400000,,,2013-06-07,錳,Manganese,Mn,0.134,mg/L
二港橋,"Erngon Bridge",台南市,,急水溪流域,急水溪,120.1904270000,23.2660400000,,,2013-06-07,總磷,Total-Phosphate,TP,0.428,mg/L
二港橋,"Erngon Bridge",台南市,,急水溪流域,急水溪,120.1904270000,23.2660400000,,,2013-06-07,硝酸鹽氮,Nitrate-Nitrogen,NO3-N,0.99,mg/L
急水溪橋(原為鐵線里),"Teisian Vi.",台南市,,急水溪流域,急水溪,120.2773820000,23.2608930000,,,2013-06-07,汞,Mercury,Hg,<0.0003,mg/L
急水溪橋(原為鐵線里),"Teisian Vi.",台南市,,急水溪流域,急水溪,120.2773820000,23.2608930000,,,2013-06-07,六價鉻,"Hexavalent Chromium","Cr 6+",<0.002,mg/L
急水溪橋(原為鐵線里),"Teisian Vi.",台南市,,急水溪流域,急水溪,120.2773820000,23.2608930000,,,2013-06-07,銀,Silver,Ag,<0.001,mg/L
急水溪橋(原為鐵線里),"Teisian Vi.",台南市,,急水溪流域,急水溪,120.2773820000,23.2608930000,,,2013-06-07,鎘,Cadmium,Cd,<0.001,mg/L
急水溪橋(原為鐵線里),"Teisian Vi.",台南市,,急水溪流域,急水溪,120.2773820000,23.2608930000,,,2013-06-07,砷,Arsenic,As,0.0081,mg/L
急水溪橋(原為鐵線里),"Teisian Vi.",台南市,,急水溪流域,急水溪,120.2773820000,23.2608930000,,,2013-06-07,鉛,Lead,Pb,<0.003,mg/L
急水溪橋(原為鐵線里),"Teisian Vi.",台南市,,急水溪流域,急水溪,120.2773820000,23.2608930000,,,2013-06-07,銅,Copper,Cu,0.006,mg/L
急水溪橋(原為鐵線里),"Teisian Vi.",台南市,,急水溪流域,急水溪,120.2773820000,23.2608930000,,,2013-06-07,鋅,Zinc,Zn,0.017,mg/L
急水溪橋(原為鐵線里),"Teisian Vi.",台南市,,急水溪流域,急水溪,120.2773820000,23.2608930000,,,2013-06-07,錳,Manganese,Mn,0.140,mg/L
急水溪橋(原為鐵線里),"Teisian Vi.",台南市,,急水溪流域,急水溪,120.2773820000,23.2608930000,,,2013-06-07,總磷,Total-Phosphate,TP,0.424,mg/L
急水溪橋(原為鐵線里),"Teisian Vi.",台南市,,急水溪流域,急水溪,120.2773820000,23.2608930000,,,2013-06-07,硝酸鹽氮,Nitrate-Nitrogen,NO3-N,1.06,mg/L
五王大橋(原為南鯤鯓),Nankunsan,台南市,,急水溪流域,急水溪,120.1443030000,23.2915880000,,,2013-06-07,汞,Mercury,Hg,<0.0003,mg/L
五王大橋(原為南鯤鯓),Nankunsan,台南市,,急水溪流域,急水溪,120.1443030000,23.2915880000,,,2013-06-07,六價鉻,"Hexavalent Chromium","Cr 6+",<0.002,mg/L
五王大橋(原為南鯤鯓),Nankunsan,台南市,,急水溪流域,急水溪,120.1443030000,23.2915880000,,,2013-06-07,銀,Silver,Ag,<0.001,mg/L
五王大橋(原為南鯤鯓),Nankunsan,台南市,,急水溪流域,急水溪,120.1443030000,23.2915880000,,,2013-06-07,鎘,Cadmium,Cd,<0.001,mg/L
五王大橋(原為南鯤鯓),Nankunsan,台南市,,急水溪流域,急水溪,120.1443030000,23.2915880000,,,2013-06-07,砷,Arsenic,As,0.0095,mg/L
五王大橋(原為南鯤鯓),Nankunsan,台南市,,急水溪流域,急水溪,120.1443030000,23.2915880000,,,2013-06-07,鉛,Lead,Pb,0.010,mg/L
五王大橋(原為南鯤鯓),Nankunsan,台南市,,急水溪流域,急水溪,120.1443030000,23.2915880000,,,2013-06-07,銅,Copper,Cu,0.005,mg/L
五王大橋(原為南鯤鯓),Nankunsan,台南市,,急水溪流域,急水溪,120.1443030000,23.2915880000,,,2013-06-07,鋅,Zinc,Zn,0.016,mg/L
五王大橋(原為南鯤鯓),Nankunsan,台南市,,急水溪流域,急水溪,120.1443030000,23.2915880000,,,2013-06-07,錳,Manganese,Mn,0.124,mg/L
五王大橋(原為南鯤鯓),Nankunsan,台南市,,急水溪流域,急水溪,120.1443030000,23.2915880000,,,2013-06-07,總磷,Total-Phosphate,TP,0.436,mg/L
五王大橋(原為南鯤鯓),Nankunsan,台南市,,急水溪流域,急水溪,120.1443030000,23.2915880000,,,2013-06-07,硝酸鹽氮,Nitrate-Nitrogen,NO3-N,0.54,mg/L
宅港橋,"Jhaigon Bridge",台南市,,急水溪流域,急水溪,120.2041130000,23.2533410000,,,2013-06-07,汞,Mercury,Hg,<0.0003,mg/L
宅港橋,"Jhaigon Bridge",台南市,,急水溪流域,急水溪,120.2041130000,23.2533410000,,,2013-06-07,六價鉻,"Hexavalent Chromium","Cr 6+",<0.002,mg/L
宅港橋,"Jhaigon Bridge",台南市,,急水溪流域,急水溪,120.2041130000,23.2533410000,,,2013-06-07,銀,Silver,Ag,<0.001,mg/L
宅港橋,"Jhaigon Bridge",台南市,,急水溪流域,急水溪,120.2041130000,23.2533410000,,,2013-06-07,鎘,Cadmium,Cd,<0.001,mg/L
宅港橋,"Jhaigon Bridge",台南市,,急水溪流域,急水溪,120.2041130000,23.2533410000,,,2013-06-07,砷,Arsenic,As,0.0078,mg/L
宅港橋,"Jhaigon Bridge",台南市,,急水溪流域,急水溪,120.2041130000,23.2533410000,,,2013-06-07,鉛,Lead,Pb,<0.003,mg/L
宅港橋,"Jhaigon Bridge",台南市,,急水溪流域,急水溪,120.2041130000,23.2533410000,,,2013-06-07,銅,Copper,Cu,0.004,mg/L
宅港橋,"Jhaigon Bridge",台南市,,急水溪流域,急水溪,120.2041130000,23.2533410000,,,2013-06-07,鋅,Zinc,Zn,0.011,mg/L
宅港橋,"Jhaigon Bridge",台南市,,急水溪流域,急水溪,120.2041130000,23.2533410000,,,2013-06-07,錳,Manganese,Mn,0.154,mg/L
宅港橋,"Jhaigon Bridge",台南市,,急水溪流域,急水溪,120.2041130000,23.2533410000,,,2013-06-07,總磷,Total-Phosphate,TP,0.709,mg/L
宅港橋,"Jhaigon Bridge",台南市,,急水溪流域,急水溪,120.2041130000,23.2533410000,,,2013-06-07,硝酸鹽氮,Nitrate-Nitrogen,NO3-N,0.65,mg/L
急水溪橋,"Jishueici Bridge",台南市,,急水溪流域,急水溪,120.3241400000,23.2961150000,,,2013-06-07,汞,Mercury,Hg,<0.0003,mg/L
急水溪橋,"Jishueici Bridge",台南市,,急水溪流域,急水溪,120.3241400000,23.2961150000,,,2013-06-07,六價鉻,"Hexavalent Chromium","Cr 6+",<0.002,mg/L
急水溪橋,"Jishueici Bridge",台南市,,急水溪流域,急水溪,120.3241400000,23.2961150000,,,2013-06-07,銀,Silver,Ag,<0.001,mg/L
急水溪橋,"Jishueici Bridge",台南市,,急水溪流域,急水溪,120.3241400000,23.2961150000,,,2013-06-07,鎘,Cadmium,Cd,<0.001,mg/L
急水溪橋,"Jishueici Bridge",台南市,,急水溪流域,急水溪,120.3241400000,23.2961150000,,,2013-06-07,砷,Arsenic,As,0.0074,mg/L
急水溪橋,"Jishueici Bridge",台南市,,急水溪流域,急水溪,120.3241400000,23.2961150000,,,2013-06-07,鉛,Lead,Pb,<0.003,mg/L
急水溪橋,"Jishueici Bridge",台南市,,急水溪流域,急水溪,120.3241400000,23.2961150000,,,2013-06-07,銅,Copper,Cu,0.004,mg/L
急水溪橋,"Jishueici Bridge",台南市,,急水溪流域,急水溪,120.3241400000,23.2961150000,,,2013-06-07,鋅,Zinc,Zn,0.015,mg/L
急水溪橋,"Jishueici Bridge",台南市,,急水溪流域,急水溪,120.3241400000,23.2961150000,,,2013-06-07,錳,Manganese,Mn,0.189,mg/L
急水溪橋,"Jishueici Bridge",台南市,,急水溪流域,急水溪,120.3241400000,23.2961150000,,,2013-06-07,總磷,Total-Phosphate,TP,0.168,mg/L
急水溪橋,"Jishueici Bridge",台南市,,急水溪流域,急水溪,120.3241400000,23.2961150000,,,2013-06-07,硝酸鹽氮,Nitrate-Nitrogen,NO3-N,1.67,mg/L
青葉橋,"Chinyie Bridge",台南市,,急水溪流域,急水溪,120.4071880000,23.3386940000,,,2013-06-07,汞,Mercury,Hg,<0.0003,mg/L
青葉橋,"Chinyie Bridge",台南市,,急水溪流域,急水溪,120.4071880000,23.3386940000,,,2013-06-07,六價鉻,"Hexavalent Chromium","Cr 6+",<0.002,mg/L
青葉橋,"Chinyie Bridge",台南市,,急水溪流域,急水溪,120.4071880000,23.3386940000,,,2013-06-07,銀,Silver,Ag,<0.001,mg/L
青葉橋,"Chinyie Bridge",台南市,,急水溪流域,急水溪,120.4071880000,23.3386940000,,,2013-06-07,鎘,Cadmium,Cd,<0.001,mg/L
青葉橋,"Chinyie Bridge",台南市,,急水溪流域,急水溪,120.4071880000,23.3386940000,,,2013-06-07,砷,Arsenic,As,0.0116,mg/L
青葉橋,"Chinyie Bridge",台南市,,急水溪流域,急水溪,120.4071880000,23.3386940000,,,2013-06-07,鉛,Lead,Pb,0.009,mg/L
青葉橋,"Chinyie Bridge",台南市,,急水溪流域,急水溪,120.4071880000,23.3386940000,,,2013-06-07,銅,Copper,Cu,0.006,mg/L
青葉橋,"Chinyie Bridge",台南市,,急水溪流域,急水溪,120.4071880000,23.3386940000,,,2013-06-07,鋅,Zinc,Zn,0.034,mg/L
青葉橋,"Chinyie Bridge",台南市,,急水溪流域,急水溪,120.4071880000,23.3386940000,,,2013-06-07,錳,Manganese,Mn,0.345,mg/L
青葉橋,"Chinyie Bridge",台南市,,急水溪流域,急水溪,120.4071880000,23.3386940000,,,2013-06-07,總磷,Total-Phosphate,TP,0.507,mg/L
青葉橋,"Chinyie Bridge",台南市,,急水溪流域,急水溪,120.4071880000,23.3386940000,,,2013-06-07,硝酸鹽氮,Nitrate-Nitrogen,NO3-N,1.30,mg/L
甘宅二號橋(原為木屐寮),Mugiliao,台南市,,急水溪流域,急水溪,120.4542360000,23.3630090000,,,2013-06-07,汞,Mercury,Hg,<0.0003,mg/L
甘宅二號橋(原為木屐寮),Mugiliao,台南市,,急水溪流域,急水溪,120.4542360000,23.3630090000,,,2013-06-07,六價鉻,"Hexavalent Chromium","Cr 6+",<0.002,mg/L
甘宅二號橋(原為木屐寮),Mugiliao,台南市,,急水溪流域,急水溪,120.4542360000,23.3630090000,,,2013-06-07,銀,Silver,Ag,<0.001,mg/L
甘宅二號橋(原為木屐寮),Mugiliao,台南市,,急水溪流域,急水溪,120.4542360000,23.3630090000,,,2013-06-07,鎘,Cadmium,Cd,<0.001,mg/L
甘宅二號橋(原為木屐寮),Mugiliao,台南市,,急水溪流域,急水溪,120.4542360000,23.3630090000,,,2013-06-07,砷,Arsenic,As,0.0042,mg/L
甘宅二號橋(原為木屐寮),Mugiliao,台南市,,急水溪流域,急水溪,120.4542360000,23.3630090000,,,2013-06-07,鉛,Lead,Pb,0.007,mg/L
甘宅二號橋(原為木屐寮),Mugiliao,台南市,,急水溪流域,急水溪,120.4542360000,23.3630090000,,,2013-06-07,銅,Copper,Cu,0.003,mg/L
甘宅二號橋(原為木屐寮),Mugiliao,台南市,,急水溪流域,急水溪,120.4542360000,23.3630090000,,,2013-06-07,鋅,Zinc,Zn,0.019,mg/L
甘宅二號橋(原為木屐寮),Mugiliao,台南市,,急水溪流域,急水溪,120.4542360000,23.3630090000,,,2013-06-07,錳,Manganese,Mn,0.123,mg/L
甘宅二號橋(原為木屐寮),Mugiliao,台南市,,急水溪流域,急水溪,120.4542360000,23.3630090000,,,2013-06-07,總磷,Total-Phosphate,TP,0.098,mg/L
甘宅二號橋(原為木屐寮),Mugiliao,台南市,,急水溪流域,急水溪,120.4542360000,23.3630090000,,,2013-06-07,硝酸鹽氮,Nitrate-Nitrogen,NO3-N,1.05,mg/L
嘉南大橋,"Chiananda Bridge",台南市,,八掌溪流域,八掌溪,120.1532940000,23.3135280000,,,2013-06-07,汞,Mercury,Hg,<0.0003,mg/L
嘉南大橋,"Chiananda Bridge",台南市,,八掌溪流域,八掌溪,120.1532940000,23.3135280000,,,2013-06-07,六價鉻,"Hexavalent Chromium","Cr 6+",<0.002,mg/L
嘉南大橋,"Chiananda Bridge",台南市,,八掌溪流域,八掌溪,120.1532940000,23.3135280000,,,2013-06-07,銀,Silver,Ag,<0.001,mg/L
嘉南大橋,"Chiananda Bridge",台南市,,八掌溪流域,八掌溪,120.1532940000,23.3135280000,,,2013-06-07,鎘,Cadmium,Cd,<0.001,mg/L
嘉南大橋,"Chiananda Bridge",台南市,,八掌溪流域,八掌溪,120.1532940000,23.3135280000,,,2013-06-07,砷,Arsenic,As,0.0049,mg/L
嘉南大橋,"Chiananda Bridge",台南市,,八掌溪流域,八掌溪,120.1532940000,23.3135280000,,,2013-06-07,鉛,Lead,Pb,<0.003,mg/L
嘉南大橋,"Chiananda Bridge",台南市,,八掌溪流域,八掌溪,120.1532940000,23.3135280000,,,2013-06-07,銅,Copper,Cu,0.004,mg/L
嘉南大橋,"Chiananda Bridge",台南市,,八掌溪流域,八掌溪,120.1532940000,23.3135280000,,,2013-06-07,鋅,Zinc,Zn,0.015,mg/L
嘉南大橋,"Chiananda Bridge",台南市,,八掌溪流域,八掌溪,120.1532940000,23.3135280000,,,2013-06-07,錳,Manganese,Mn,0.097,mg/L
嘉南大橋,"Chiananda Bridge",台南市,,八掌溪流域,八掌溪,120.1532940000,23.3135280000,,,2013-06-07,總磷,Total-Phosphate,TP,0.173,mg/L
嘉南大橋,"Chiananda Bridge",台南市,,八掌溪流域,八掌溪,120.1532940000,23.3135280000,,,2013-06-07,硝酸鹽氮,Nitrate-Nitrogen,NO3-N,0.67,mg/L
厚生橋,"Hocin Bridge",台南市,,八掌溪流域,八掌溪,120.2530360000,23.3285370000,,,2013-06-07,汞,Mercury,Hg,<0.0003,mg/L
厚生橋,"Hocin Bridge",台南市,,八掌溪流域,八掌溪,120.2530360000,23.3285370000,,,2013-06-07,六價鉻,"Hexavalent Chromium","Cr 6+",<0.002,mg/L
厚生橋,"Hocin Bridge",台南市,,八掌溪流域,八掌溪,120.2530360000,23.3285370000,,,2013-06-07,銀,Silver,Ag,<0.001,mg/L
厚生橋,"Hocin Bridge",台南市,,八掌溪流域,八掌溪,120.2530360000,23.3285370000,,,2013-06-07,鎘,Cadmium,Cd,<0.001,mg/L
厚生橋,"Hocin Bridge",台南市,,八掌溪流域,八掌溪,120.2530360000,23.3285370000,,,2013-06-07,砷,Arsenic,As,0.0080,mg/L
厚生橋,"Hocin Bridge",台南市,,八掌溪流域,八掌溪,120.2530360000,23.3285370000,,,2013-06-07,鉛,Lead,Pb,<0.003,mg/L
厚生橋,"Hocin Bridge",台南市,,八掌溪流域,八掌溪,120.2530360000,23.3285370000,,,2013-06-07,銅,Copper,Cu,0.001,mg/L
厚生橋,"Hocin Bridge",台南市,,八掌溪流域,八掌溪,120.2530360000,23.3285370000,,,2013-06-07,鋅,Zinc,Zn,0.015,mg/L
厚生橋,"Hocin Bridge",台南市,,八掌溪流域,八掌溪,120.2530360000,23.3285370000,,,2013-06-07,錳,Manganese,Mn,0.076,mg/L
厚生橋,"Hocin Bridge",台南市,,八掌溪流域,八掌溪,120.2530360000,23.3285370000,,,2013-06-07,總磷,Total-Phosphate,TP,0.301,mg/L
厚生橋,"Hocin Bridge",台南市,,八掌溪流域,八掌溪,120.2530360000,23.3285370000,,,2013-06-07,硝酸鹽氮,Nitrate-Nitrogen,NO3-N,0.58,mg/L
軍輝橋,"Jyunhui Bridge",嘉義市,,八掌溪流域,八掌溪,120.4581350000,23.4585540000,,,2013-06-07,大腸桿菌群,"Coliform Group",Coliform,10000,CFU/100mL
軍輝橋,"Jyunhui Bridge",嘉義市,,八掌溪流域,八掌溪,120.4581350000,23.4585540000,,,2013-06-07,溶氧飽和度,"Dissolved Oxygen Saturation",DOS,144.5,%
軍輝橋,"Jyunhui Bridge",嘉義市,,八掌溪流域,八掌溪,120.4581350000,23.4585540000,,,2013-06-07,氯鹽,Chloride,Cl,-,mg/L
軍輝橋,"Jyunhui Bridge",嘉義市,,八掌溪流域,八掌溪,120.4581350000,23.4585540000,,,2013-06-07,氨氮,NH3-N,NH3-N,0.07,mg/L
軍輝橋,"Jyunhui Bridge",嘉義市,,八掌溪流域,八掌溪,120.4581350000,23.4585540000,,,2013-06-07,化學需氧量,"Chemical Oxygen Demand",COD,8.2,mg/L
軍輝橋,"Jyunhui Bridge",嘉義市,,八掌溪流域,八掌溪,120.4581350000,23.4585540000,,,2013-06-07,生化需氧量,"Biochemical Oxygen Demand",BOD5,1.6,mg/L
軍輝橋,"Jyunhui Bridge",嘉義市,,八掌溪流域,八掌溪,120.4581350000,23.4585540000,,,2013-06-07,溶氧(電極法),"Dissolved Oxygen",DO,10.4,mg/L
軍輝橋,"Jyunhui Bridge",嘉義市,,八掌溪流域,八掌溪,120.4581350000,23.4585540000,,,2013-06-07,懸浮固體,"Suspended Solid",SS,10.8,mg/L
軍輝橋,"Jyunhui Bridge",嘉義市,,八掌溪流域,八掌溪,120.4581350000,23.4585540000,,,2013-06-07,氣溫,Temperature,TMP,34.0,℃
軍輝橋,"Jyunhui Bridge",嘉義市,,八掌溪流域,八掌溪,120.4581350000,23.4585540000,,,2013-06-07,導電度,Conductivity,EC,522,μmho/cm25℃
軍輝橋,"Jyunhui Bridge",嘉義市,,八掌溪流域,八掌溪,120.4581350000,23.4585540000,,,2013-06-07,酸鹼值,pH,pH,8.4,
軍輝橋,"Jyunhui Bridge",嘉義市,,八掌溪流域,八掌溪,120.4581350000,23.4585540000,,,2013-06-07,水溫,"Water Temperature",WT,30.0,℃
軍輝橋,"Jyunhui Bridge",嘉義市,,八掌溪流域,八掌溪,120.4581350000,23.4585540000,,,2013-06-07,河川污染分類指標,"River Pollution Index",RPI,1.00,
牛稠溪橋,"Neochoci Bridge",嘉義市,,朴子溪流域,朴子溪,120.4434030000,23.5137640000,,,2013-06-07,大腸桿菌群,"Coliform Group",Coliform,47000,CFU/100mL
牛稠溪橋,"Neochoci Bridge",嘉義市,,朴子溪流域,朴子溪,120.4434030000,23.5137640000,,,2013-06-07,溶氧飽和度,"Dissolved Oxygen Saturation",DOS,93.5,%
牛稠溪橋,"Neochoci Bridge",嘉義市,,朴子溪流域,朴子溪,120.4434030000,23.5137640000,,,2013-06-07,氯鹽,Chloride,Cl,-,mg/L
牛稠溪橋,"Neochoci Bridge",嘉義市,,朴子溪流域,朴子溪,120.4434030000,23.5137640000,,,2013-06-07,氨氮,NH3-N,NH3-N,1.70,mg/L
牛稠溪橋,"Neochoci Bridge",嘉義市,,朴子溪流域,朴子溪,120.4434030000,23.5137640000,,,2013-06-07,化學需氧量,"Chemical Oxygen Demand",COD,13.4,mg/L
牛稠溪橋,"Neochoci Bridge",嘉義市,,朴子溪流域,朴子溪,120.4434030000,23.5137640000,,,2013-06-07,生化需氧量,"Biochemical Oxygen Demand",BOD5,1.8,mg/L
牛稠溪橋,"Neochoci Bridge",嘉義市,,朴子溪流域,朴子溪,120.4434030000,23.5137640000,,,2013-06-07,溶氧(電極法),"Dissolved Oxygen",DO,6.9,mg/L
牛稠溪橋,"Neochoci Bridge",嘉義市,,朴子溪流域,朴子溪,120.4434030000,23.5137640000,,,2013-06-07,懸浮固體,"Suspended Solid",SS,24.6,mg/L
牛稠溪橋,"Neochoci Bridge",嘉義市,,朴子溪流域,朴子溪,120.4434030000,23.5137640000,,,2013-06-07,氣溫,Temperature,TMP,35.5,℃
牛稠溪橋,"Neochoci Bridge",嘉義市,,朴子溪流域,朴子溪,120.4434030000,23.5137640000,,,2013-06-07,導電度,Conductivity,EC,586,μmho/cm25℃
牛稠溪橋,"Neochoci Bridge",嘉義市,,朴子溪流域,朴子溪,120.4434030000,23.5137640000,,,2013-06-07,酸鹼值,pH,pH,7.9,
牛稠溪橋,"Neochoci Bridge",嘉義市,,朴子溪流域,朴子溪,120.4434030000,23.5137640000,,,2013-06-07,水溫,"Water Temperature",WT,31.4,℃
牛稠溪橋,"Neochoci Bridge",嘉義市,,朴子溪流域,朴子溪,120.4434030000,23.5137640000,,,2013-06-07,河川污染分類指標,"River Pollution Index",RPI,2.75,
八掌溪橋,"Bajhang River Bridge",嘉義縣,,八掌溪流域,八掌溪,120.3817190000,23.4038180000,,,2013-06-07,大腸桿菌群,"Coliform Group",Coliform,210000,CFU/100mL
八掌溪橋,"Bajhang River Bridge",嘉義縣,,八掌溪流域,八掌溪,120.3817190000,23.4038180000,,,2013-06-07,溶氧飽和度,"Dissolved Oxygen Saturation",DOS,79.0,%
八掌溪橋,"Bajhang River Bridge",嘉義縣,,八掌溪流域,八掌溪,120.3817190000,23.4038180000,,,2013-06-07,氯鹽,Chloride,Cl,-,mg/L
八掌溪橋,"Bajhang River Bridge",嘉義縣,,八掌溪流域,八掌溪,120.3817190000,23.4038180000,,,2013-06-07,氨氮,NH3-N,NH3-N,2.68,mg/L
八掌溪橋,"Bajhang River Bridge",嘉義縣,,八掌溪流域,八掌溪,120.3817190000,23.4038180000,,,2013-06-07,化學需氧量,"Chemical Oxygen Demand",COD,15.4,mg/L
八掌溪橋,"Bajhang River Bridge",嘉義縣,,八掌溪流域,八掌溪,120.3817190000,23.4038180000,,,2013-06-07,生化需氧量,"Biochemical Oxygen Demand",BOD5,4.1,mg/L
八掌溪橋,"Bajhang River Bridge",嘉義縣,,八掌溪流域,八掌溪,120.3817190000,23.4038180000,,,2013-06-07,溶氧(電極法),"Dissolved Oxygen",DO,5.8,mg/L
八掌溪橋,"Bajhang River Bridge",嘉義縣,,八掌溪流域,八掌溪,120.3817190000,23.4038180000,,,2013-06-07,懸浮固體,"Suspended Solid",SS,19.1,mg/L
八掌溪橋,"Bajhang River Bridge",嘉義縣,,八掌溪流域,八掌溪,120.3817190000,23.4038180000,,,2013-06-07,氣溫,Temperature,TMP,34.6,℃
八掌溪橋,"Bajhang River Bridge",嘉義縣,,八掌溪流域,八掌溪,120.3817190000,23.4038180000,,,2013-06-07,導電度,Conductivity,EC,718,μmho/cm25℃
八掌溪橋,"Bajhang River Bridge",嘉義縣,,八掌溪流域,八掌溪,120.3817190000,23.4038180000,,,2013-06-07,酸鹼值,pH,pH,7.8,
八掌溪橋,"Bajhang River Bridge",嘉義縣,,八掌溪流域,八掌溪,120.3817190000,23.4038180000,,,2013-06-07,水溫,"Water Temperature",WT,31.4,℃
八掌溪橋,"Bajhang River Bridge",嘉義縣,,八掌溪流域,八掌溪,120.3817190000,23.4038180000,,,2013-06-07,河川污染分類指標,"River Pollution Index",RPI,3.25,
五虎寮橋(取代舊橋),"Wuhuliao Bridge",嘉義縣,,八掌溪流域,八掌溪,120.5536940000,23.4509250000,,,2013-06-07,大腸桿菌群,"Coliform Group",Coliform,-,CFU/100mL
五虎寮橋(取代舊橋),"Wuhuliao Bridge",嘉義縣,,八掌溪流域,八掌溪,120.5536940000,23.4509250000,,,2013-06-07,溶氧飽和度,"Dissolved Oxygen Saturation",DOS,-,%
五虎寮橋(取代舊橋),"Wuhuliao Bridge",嘉義縣,,八掌溪流域,八掌溪,120.5536940000,23.4509250000,,,2013-06-07,氯鹽,Chloride,Cl,-,mg/L
五虎寮橋(取代舊橋),"Wuhuliao Bridge",嘉義縣,,八掌溪流域,八掌溪,120.5536940000,23.4509250000,,,2013-06-07,氨氮,NH3-N,NH3-N,-,mg/L
五虎寮橋(取代舊橋),"Wuhuliao Bridge",嘉義縣,,八掌溪流域,八掌溪,120.5536940000,23.4509250000,,,2013-06-07,化學需氧量,"Chemical Oxygen Demand",COD,-,mg/L
五虎寮橋(取代舊橋),"Wuhuliao Bridge",嘉義縣,,八掌溪流域,八掌溪,120.5536940000,23.4509250000,,,2013-06-07,生化需氧量,"Biochemical Oxygen Demand",BOD5,-,mg/L
五虎寮橋(取代舊橋),"Wuhuliao Bridge",嘉義縣,,八掌溪流域,八掌溪,120.5536940000,23.4509250000,,,2013-06-07,溶氧(電極法),"Dissolved Oxygen",DO,-,mg/L
五虎寮橋(取代舊橋),"Wuhuliao Bridge",嘉義縣,,八掌溪流域,八掌溪,120.5536940000,23.4509250000,,,2013-06-07,懸浮固體,"Suspended Solid",SS,-,mg/L
五虎寮橋(取代舊橋),"Wuhuliao Bridge",嘉義縣,,八掌溪流域,八掌溪,120.5536940000,23.4509250000,,,2013-06-07,氣溫,Temperature,TMP,-,℃
五虎寮橋(取代舊橋),"Wuhuliao Bridge",嘉義縣,,八掌溪流域,八掌溪,120.5536940000,23.4509250000,,,2013-06-07,導電度,Conductivity,EC,-,μmho/cm25℃
五虎寮橋(取代舊橋),"Wuhuliao Bridge",嘉義縣,,八掌溪流域,八掌溪,120.5536940000,23.4509250000,,,2013-06-07,酸鹼值,pH,pH,-,
五虎寮橋(取代舊橋),"Wuhuliao Bridge",嘉義縣,,八掌溪流域,八掌溪,120.5536940000,23.4509250000,,,2013-06-07,水溫,"Water Temperature",WT,-,℃
觸口橋,"Chuko Bridge",嘉義縣,,八掌溪流域,八掌溪,120.6055810000,23.4389760000,,,2013-06-07,大腸桿菌群,"Coliform Group",Coliform,390,CFU/100mL
觸口橋,"Chuko Bridge",嘉義縣,,八掌溪流域,八掌溪,120.6055810000,23.4389760000,,,2013-06-07,溶氧飽和度,"Dissolved Oxygen Saturation",DOS,103.1,%
觸口橋,"Chuko Bridge",嘉義縣,,八掌溪流域,八掌溪,120.6055810000,23.4389760000,,,2013-06-07,氯鹽,Chloride,Cl,-,mg/L
觸口橋,"Chuko Bridge",嘉義縣,,八掌溪流域,八掌溪,120.6055810000,23.4389760000,,,2013-06-07,氨氮,NH3-N,NH3-N,<0.01,mg/L
觸口橋,"Chuko Bridge",嘉義縣,,八掌溪流域,八掌溪,120.6055810000,23.4389760000,,,2013-06-07,化學需氧量,"Chemical Oxygen Demand",COD,<4.0,mg/L
觸口橋,"Chuko Bridge",嘉義縣,,八掌溪流域,八掌溪,120.6055810000,23.4389760000,,,2013-06-07,生化需氧量,"Biochemical Oxygen Demand",BOD5,<1.0,mg/L
觸口橋,"Chuko Bridge",嘉義縣,,八掌溪流域,八掌溪,120.6055810000,23.4389760000,,,2013-06-07,溶氧(電極法),"Dissolved Oxygen",DO,8.2,mg/L
觸口橋,"Chuko Bridge",嘉義縣,,八掌溪流域,八掌溪,120.6055810000,23.4389760000,,,2013-06-07,懸浮固體,"Suspended Solid",SS,3.0,mg/L
觸口橋,"Chuko Bridge",嘉義縣,,八掌溪流域,八掌溪,120.6055810000,23.4389760000,,,2013-06-07,氣溫,Temperature,TMP,32.0,℃
觸口橋,"Chuko Bridge",嘉義縣,,八掌溪流域,八掌溪,120.6055810000,23.4389760000,,,2013-06-07,導電度,Conductivity,EC,440,μmho/cm25℃
觸口橋,"Chuko Bridge",嘉義縣,,八掌溪流域,八掌溪,120.6055810000,23.4389760000,,,2013-06-07,酸鹼值,pH,pH,8.4,
觸口橋,"Chuko Bridge",嘉義縣,,八掌溪流域,八掌溪,120.6055810000,23.4389760000,,,2013-06-07,水溫,"Water Temperature",WT,26.8,℃
觸口橋,"Chuko Bridge",嘉義縣,,八掌溪流域,八掌溪,120.6055810000,23.4389760000,,,2013-06-07,河川污染分類指標,"River Pollution Index",RPI,1.00,
二高便道橋,"Second Super highway Sidewalk bridge",嘉義縣,,朴子溪流域,朴子溪,120.4895370000,23.5069090000,,,2013-06-07,大腸桿菌群,"Coliform Group",Coliform,3300,CFU/100mL
二高便道橋,"Second Super highway Sidewalk bridge",嘉義縣,,朴子溪流域,朴子溪,120.4895370000,23.5069090000,,,2013-06-07,溶氧飽和度,"Dissolved Oxygen Saturation",DOS,115.8,%
二高便道橋,"Second Super highway Sidewalk bridge",嘉義縣,,朴子溪流域,朴子溪,120.4895370000,23.5069090000,,,2013-06-07,氯鹽,Chloride,Cl,-,mg/L
二高便道橋,"Second Super highway Sidewalk bridge",嘉義縣,,朴子溪流域,朴子溪,120.4895370000,23.5069090000,,,2013-06-07,氨氮,NH3-N,NH3-N,0.03,mg/L
二高便道橋,"Second Super highway Sidewalk bridge",嘉義縣,,朴子溪流域,朴子溪,120.4895370000,23.5069090000,,,2013-06-07,化學需氧量,"Chemical Oxygen Demand",COD,5.0,mg/L
二高便道橋,"Second Super highway Sidewalk bridge",嘉義縣,,朴子溪流域,朴子溪,120.4895370000,23.5069090000,,,2013-06-07,生化需氧量,"Biochemical Oxygen Demand",BOD5,<1.0,mg/L
二高便道橋,"Second Super highway Sidewalk bridge",嘉義縣,,朴子溪流域,朴子溪,120.4895370000,23.5069090000,,,2013-06-07,溶氧(電極法),"Dissolved Oxygen",DO,8.7,mg/L
二高便道橋,"Second Super highway Sidewalk bridge",嘉義縣,,朴子溪流域,朴子溪,120.4895370000,23.5069090000,,,2013-06-07,懸浮固體,"Suspended Solid",SS,19.8,mg/L
二高便道橋,"Second Super highway Sidewalk bridge",嘉義縣,,朴子溪流域,朴子溪,120.4895370000,23.5069090000,,,2013-06-07,氣溫,Temperature,TMP,34.2,℃
二高便道橋,"Second Super highway Sidewalk bridge",嘉義縣,,朴子溪流域,朴子溪,120.4895370000,23.5069090000,,,2013-06-07,導電度,Conductivity,EC,387,μmho/cm25℃
二高便道橋,"Second Super highway Sidewalk bridge",嘉義縣,,朴子溪流域,朴子溪,120.4895370000,23.5069090000,,,2013-06-07,酸鹼值,pH,pH,8.5,
二高便道橋,"Second Super highway Sidewalk bridge",嘉義縣,,朴子溪流域,朴子溪,120.4895370000,23.5069090000,,,2013-06-07,水溫,"Water Temperature",WT,30.5,℃
二高便道橋,"Second Super highway Sidewalk bridge",嘉義縣,,朴子溪流域,朴子溪,120.4895370000,23.5069090000,,,2013-06-07,河川污染分類指標,"River Pollution Index",RPI,1.00,
竹崎大橋,"Jhucida Bridge",嘉義縣,,朴子溪流域,朴子溪,120.5462890000,23.5249580000,,,2013-06-07,大腸桿菌群,"Coliform Group",Coliform,-,CFU/100mL
竹崎大橋,"Jhucida Bridge",嘉義縣,,朴子溪流域,朴子溪,120.5462890000,23.5249580000,,,2013-06-07,溶氧飽和度,"Dissolved Oxygen Saturation",DOS,-,%
竹崎大橋,"Jhucida Bridge",嘉義縣,,朴子溪流域,朴子溪,120.5462890000,23.5249580000,,,2013-06-07,氯鹽,Chloride,Cl,-,mg/L
竹崎大橋,"Jhucida Bridge",嘉義縣,,朴子溪流域,朴子溪,120.5462890000,23.5249580000,,,2013-06-07,氨氮,NH3-N,NH3-N,-,mg/L
竹崎大橋,"Jhucida Bridge",嘉義縣,,朴子溪流域,朴子溪,120.5462890000,23.5249580000,,,2013-06-07,化學需氧量,"Chemical Oxygen Demand",COD,-,mg/L
竹崎大橋,"Jhucida Bridge",嘉義縣,,朴子溪流域,朴子溪,120.5462890000,23.5249580000,,,2013-06-07,生化需氧量,"Biochemical Oxygen Demand",BOD5,-,mg/L
竹崎大橋,"Jhucida Bridge",嘉義縣,,朴子溪流域,朴子溪,120.5462890000,23.5249580000,,,2013-06-07,溶氧(電極法),"Dissolved Oxygen",DO,-,mg/L
竹崎大橋,"Jhucida Bridge",嘉義縣,,朴子溪流域,朴子溪,120.5462890000,23.5249580000,,,2013-06-07,懸浮固體,"Suspended Solid",SS,-,mg/L
竹崎大橋,"Jhucida Bridge",嘉義縣,,朴子溪流域,朴子溪,120.5462890000,23.5249580000,,,2013-06-07,氣溫,Temperature,TMP,-,℃
竹崎大橋,"Jhucida Bridge",嘉義縣,,朴子溪流域,朴子溪,120.5462890000,23.5249580000,,,2013-06-07,導電度,Conductivity,EC,-,μmho/cm25℃
竹崎大橋,"Jhucida Bridge",嘉義縣,,朴子溪流域,朴子溪,120.5462890000,23.5249580000,,,2013-06-07,酸鹼值,pH,pH,-,
竹崎大橋,"Jhucida Bridge",嘉義縣,,朴子溪流域,朴子溪,120.5462890000,23.5249580000,,,2013-06-07,水溫,"Water Temperature",WT,-,℃
東石大橋,"Dongshihda Bridge",嘉義縣,,朴子溪流域,朴子溪,120.1774290000,23.4592450000,,,2013-06-07,大腸桿菌群,"Coliform Group",Coliform,200,CFU/100mL
東石大橋,"Dongshihda Bridge",嘉義縣,,朴子溪流域,朴子溪,120.1774290000,23.4592450000,,,2013-06-07,溶氧飽和度,"Dissolved Oxygen Saturation",DOS,133.2,%
東石大橋,"Dongshihda Bridge",嘉義縣,,朴子溪流域,朴子溪,120.1774290000,23.4592450000,,,2013-06-07,氯鹽,Chloride,Cl,1810,mg/L
東石大橋,"Dongshihda Bridge",嘉義縣,,朴子溪流域,朴子溪,120.1774290000,23.4592450000,,,2013-06-07,氨氮,NH3-N,NH3-N,3.11,mg/L
東石大橋,"Dongshihda Bridge",嘉義縣,,朴子溪流域,朴子溪,120.1774290000,23.4592450000,,,2013-06-07,化學需氧量,"Chemical Oxygen Demand",COD,19.6,mg/L
東石大橋,"Dongshihda Bridge",嘉義縣,,朴子溪流域,朴子溪,120.1774290000,23.4592450000,,,2013-06-07,生化需氧量,"Biochemical Oxygen Demand",BOD5,5.3,mg/L
東石大橋,"Dongshihda Bridge",嘉義縣,,朴子溪流域,朴子溪,120.1774290000,23.4592450000,,,2013-06-07,溶氧(電極法),"Dissolved Oxygen",DO,9.5,mg/L
東石大橋,"Dongshihda Bridge",嘉義縣,,朴子溪流域,朴子溪,120.1774290000,23.4592450000,,,2013-06-07,懸浮固體,"Suspended Solid",SS,70.5,mg/L
東石大橋,"Dongshihda Bridge",嘉義縣,,朴子溪流域,朴子溪,120.1774290000,23.4592450000,,,2013-06-07,氣溫,Temperature,TMP,33.4,℃
東石大橋,"Dongshihda Bridge",嘉義縣,,朴子溪流域,朴子溪,120.1774290000,23.4592450000,,,2013-06-07,導電度,Conductivity,EC,6560,μmho/cm25℃
東石大橋,"Dongshihda Bridge",嘉義縣,,朴子溪流域,朴子溪,120.1774290000,23.4592450000,,,2013-06-07,酸鹼值,pH,pH,8.2,
東石大橋,"Dongshihda Bridge",嘉義縣,,朴子溪流域,朴子溪,120.1774290000,23.4592450000,,,2013-06-07,水溫,"Water Temperature",WT,31.8,℃
東石大橋,"Dongshihda Bridge",嘉義縣,,朴子溪流域,朴子溪,120.1774290000,23.4592450000,,,2013-06-07,河川污染分類指標,"River Pollution Index",RPI,5.75,
朴子溪橋,"Puzih River Bridge",嘉義縣,,朴子溪流域,朴子溪,120.2450610000,23.4756060000,,,2013-06-07,大腸桿菌群,"Coliform Group",Coliform,1700,CFU/100mL
朴子溪橋,"Puzih River Bridge",嘉義縣,,朴子溪流域,朴子溪,120.2450610000,23.4756060000,,,2013-06-07,溶氧飽和度,"Dissolved Oxygen Saturation",DOS,90.3,%
朴子溪橋,"Puzih River Bridge",嘉義縣,,朴子溪流域,朴子溪,120.2450610000,23.4756060000,,,2013-06-07,氯鹽,Chloride,Cl,-,mg/L
朴子溪橋,"Puzih River Bridge",嘉義縣,,朴子溪流域,朴子溪,120.2450610000,23.4756060000,,,2013-06-07,氨氮,NH3-N,NH3-N,4.51,mg/L
朴子溪橋,"Puzih River Bridge",嘉義縣,,朴子溪流域,朴子溪,120.2450610000,23.4756060000,,,2013-06-07,化學需氧量,"Chemical Oxygen Demand",COD,18.2,mg/L
朴子溪橋,"Puzih River Bridge",嘉義縣,,朴子溪流域,朴子溪,120.2450610000,23.4756060000,,,2013-06-07,生化需氧量,"Biochemical Oxygen Demand",BOD5,3.3,mg/L
朴子溪橋,"Puzih River Bridge",嘉義縣,,朴子溪流域,朴子溪,120.2450610000,23.4756060000,,,2013-06-07,溶氧(電極法),"Dissolved Oxygen",DO,6.6,mg/L
朴子溪橋,"Puzih River Bridge",嘉義縣,,朴子溪流域,朴子溪,120.2450610000,23.4756060000,,,2013-06-07,懸浮固體,"Suspended Solid",SS,45.5,mg/L
朴子溪橋,"Puzih River Bridge",嘉義縣,,朴子溪流域,朴子溪,120.2450610000,23.4756060000,,,2013-06-07,氣溫,Temperature,TMP,33.8,℃
朴子溪橋,"Puzih River Bridge",嘉義縣,,朴子溪流域,朴子溪,120.2450610000,23.4756060000,,,2013-06-07,導電度,Conductivity,EC,747,μmho/cm25℃
朴子溪橋,"Puzih River Bridge",嘉義縣,,朴子溪流域,朴子溪,120.2450610000,23.4756060000,,,2013-06-07,酸鹼值,pH,pH,7.9,
朴子溪橋,"Puzih River Bridge",嘉義縣,,朴子溪流域,朴子溪,120.2450610000,23.4756060000,,,2013-06-07,水溫,"Water Temperature",WT,31.8,℃
朴子溪橋,"Puzih River Bridge",嘉義縣,,朴子溪流域,朴子溪,120.2450610000,23.4756060000,,,2013-06-07,河川污染分類指標,"River Pollution Index",RPI,4.25,
介壽橋,"Jieshou Bridge",嘉義縣,,朴子溪流域,朴子溪,120.2932600000,23.4820600000,,,2013-06-07,大腸桿菌群,"Coliform Group",Coliform,15000,CFU/100mL
介壽橋,"Jieshou Bridge",嘉義縣,,朴子溪流域,朴子溪,120.2932600000,23.4820600000,,,2013-06-07,溶氧飽和度,"Dissolved Oxygen Saturation",DOS,76.2,%
介壽橋,"Jieshou Bridge",嘉義縣,,朴子溪流域,朴子溪,120.2932600000,23.4820600000,,,2013-06-07,氯鹽,Chloride,Cl,-,mg/L
介壽橋,"Jieshou Bridge",嘉義縣,,朴子溪流域,朴子溪,120.2932600000,23.4820600000,,,2013-06-07,氨氮,NH3-N,NH3-N,5.80,mg/L
介壽橋,"Jieshou Bridge",嘉義縣,,朴子溪流域,朴子溪,120.2932600000,23.4820600000,,,2013-06-07,化學需氧量,"Chemical Oxygen Demand",COD,18.9,mg/L
介壽橋,"Jieshou Bridge",嘉義縣,,朴子溪流域,朴子溪,120.2932600000,23.4820600000,,,2013-06-07,生化需氧量,"Biochemical Oxygen Demand",BOD5,2.6,mg/L
介壽橋,"Jieshou Bridge",嘉義縣,,朴子溪流域,朴子溪,120.2932600000,23.4820600000,,,2013-06-07,溶氧(電極法),"Dissolved Oxygen",DO,5.6,mg/L
介壽橋,"Jieshou Bridge",嘉義縣,,朴子溪流域,朴子溪,120.2932600000,23.4820600000,,,2013-06-07,懸浮固體,"Suspended Solid",SS,39.6,mg/L
介壽橋,"Jieshou Bridge",嘉義縣,,朴子溪流域,朴子溪,120.2932600000,23.4820600000,,,2013-06-07,氣溫,Temperature,TMP,32.8,℃
介壽橋,"Jieshou Bridge",嘉義縣,,朴子溪流域,朴子溪,120.2932600000,23.4820600000,,,2013-06-07,導電度,Conductivity,EC,978,μmho/cm25℃
介壽橋,"Jieshou Bridge",嘉義縣,,朴子溪流域,朴子溪,120.2932600000,23.4820600000,,,2013-06-07,酸鹼值,pH,pH,7.7,
介壽橋,"Jieshou Bridge",嘉義縣,,朴子溪流域,朴子溪,120.2932600000,23.4820600000,,,2013-06-07,水溫,"Water Temperature",WT,31.0,℃
介壽橋,"Jieshou Bridge",嘉義縣,,朴子溪流域,朴子溪,120.2932600000,23.4820600000,,,2013-06-07,河川污染分類指標,"River Pollution Index",RPI,4.25,
月眉潭橋,"Yuemeitan Bridge",嘉義縣,,朴子溪流域,朴子溪,120.3604160000,23.5140910000,,,2013-06-07,大腸桿菌群,"Coliform Group",Coliform,32000,CFU/100mL
月眉潭橋,"Yuemeitan Bridge",嘉義縣,,朴子溪流域,朴子溪,120.3604160000,23.5140910000,,,2013-06-07,溶氧飽和度,"Dissolved Oxygen Saturation",DOS,71.0,%
月眉潭橋,"Yuemeitan Bridge",嘉義縣,,朴子溪流域,朴子溪,120.3604160000,23.5140910000,,,2013-06-07,氯鹽,Chloride,Cl,-,mg/L
月眉潭橋,"Yuemeitan Bridge",嘉義縣,,朴子溪流域,朴子溪,120.3604160000,23.5140910000,,,2013-06-07,氨氮,NH3-N,NH3-N,5.36,mg/L
月眉潭橋,"Yuemeitan Bridge",嘉義縣,,朴子溪流域,朴子溪,120.3604160000,23.5140910000,,,2013-06-07,化學需氧量,"Chemical Oxygen Demand",COD,15.7,mg/L
月眉潭橋,"Yuemeitan Bridge",嘉義縣,,朴子溪流域,朴子溪,120.3604160000,23.5140910000,,,2013-06-07,生化需氧量,"Biochemical Oxygen Demand",BOD5,2.8,mg/L
月眉潭橋,"Yuemeitan Bridge",嘉義縣,,朴子溪流域,朴子溪,120.3604160000,23.5140910000,,,2013-06-07,溶氧(電極法),"Dissolved Oxygen",DO,5.1,mg/L
月眉潭橋,"Yuemeitan Bridge",嘉義縣,,朴子溪流域,朴子溪,120.3604160000,23.5140910000,,,2013-06-07,懸浮固體,"Suspended Solid",SS,32.2,mg/L
月眉潭橋,"Yuemeitan Bridge",嘉義縣,,朴子溪流域,朴子溪,120.3604160000,23.5140910000,,,2013-06-07,氣溫,Temperature,TMP,34.7,℃
月眉潭橋,"Yuemeitan Bridge",嘉義縣,,朴子溪流域,朴子溪,120.3604160000,23.5140910000,,,2013-06-07,導電度,Conductivity,EC,965,μmho/cm25℃
月眉潭橋,"Yuemeitan Bridge",嘉義縣,,朴子溪流域,朴子溪,120.3604160000,23.5140910000,,,2013-06-07,酸鹼值,pH,pH,7.8,
月眉潭橋,"Yuemeitan Bridge",嘉義縣,,朴子溪流域,朴子溪,120.3604160000,23.5140910000,,,2013-06-07,水溫,"Water Temperature",WT,32.5,℃
月眉潭橋,"Yuemeitan Bridge",嘉義縣,,朴子溪流域,朴子溪,120.3604160000,23.5140910000,,,2013-06-07,河川污染分類指標,"River Pollution Index",RPI,4.25,
松竹大橋,"Songchiuda Bridge",嘉義縣,,朴子溪流域,朴子溪,120.5562130000,23.5269310000,,,2013-06-07,大腸桿菌群,"Coliform Group",Coliform,180,CFU/100mL
松竹大橋,"Songchiuda Bridge",嘉義縣,,朴子溪流域,朴子溪,120.5562130000,23.5269310000,,,2013-06-07,溶氧飽和度,"Dissolved Oxygen Saturation",DOS,107.9,%
松竹大橋,"Songchiuda Bridge",嘉義縣,,朴子溪流域,朴子溪,120.5562130000,23.5269310000,,,2013-06-07,氯鹽,Chloride,Cl,-,mg/L
松竹大橋,"Songchiuda Bridge",嘉義縣,,朴子溪流域,朴子溪,120.5562130000,23.5269310000,,,2013-06-07,氨氮,NH3-N,NH3-N,<0.01,mg/L
松竹大橋,"Songchiuda Bridge",嘉義縣,,朴子溪流域,朴子溪,120.5562130000,23.5269310000,,,2013-06-07,化學需氧量,"Chemical Oxygen Demand",COD,<4.0,mg/L
松竹大橋,"Songchiuda Bridge",嘉義縣,,朴子溪流域,朴子溪,120.5562130000,23.5269310000,,,2013-06-07,生化需氧量,"Biochemical Oxygen Demand",BOD5,<1.0,mg/L
松竹大橋,"Songchiuda Bridge",嘉義縣,,朴子溪流域,朴子溪,120.5562130000,23.5269310000,,,2013-06-07,溶氧(電極法),"Dissolved Oxygen",DO,8.2,mg/L
松竹大橋,"Songchiuda Bridge",嘉義縣,,朴子溪流域,朴子溪,120.5562130000,23.5269310000,,,2013-06-07,懸浮固體,"Suspended Solid",SS,4.7,mg/L
松竹大橋,"Songchiuda Bridge",嘉義縣,,朴子溪流域,朴子溪,120.5562130000,23.5269310000,,,2013-06-07,氣溫,Temperature,TMP,34.6,℃
松竹大橋,"Songchiuda Bridge",嘉義縣,,朴子溪流域,朴子溪,120.5562130000,23.5269310000,,,2013-06-07,導電度,Conductivity,EC,360,μmho/cm25℃
松竹大橋,"Songchiuda Bridge",嘉義縣,,朴子溪流域,朴子溪,120.5562130000,23.5269310000,,,2013-06-07,酸鹼值,pH,pH,8.6,
松竹大橋,"Songchiuda Bridge",嘉義縣,,朴子溪流域,朴子溪,120.5562130000,23.5269310000,,,2013-06-07,水溫,"Water Temperature",WT,28.4,℃
松竹大橋,"Songchiuda Bridge",嘉義縣,,朴子溪流域,朴子溪,120.5562130000,23.5269310000,,,2013-06-07,河川污染分類指標,"River Pollution Index",RPI,1.00,
二港橋,"Erngon Bridge",台南市,,急水溪流域,急水溪,120.1904270000,23.2660400000,,,2013-06-07,大腸桿菌群,"Coliform Group",Coliform,10000,CFU/100mL
二港橋,"Erngon Bridge",台南市,,急水溪流域,急水溪,120.1904270000,23.2660400000,,,2013-06-07,溶氧飽和度,"Dissolved Oxygen Saturation",DOS,35.0,%
二港橋,"Erngon Bridge",台南市,,急水溪流域,急水溪,120.1904270000,23.2660400000,,,2013-06-07,氯鹽,Chloride,Cl,1350,mg/L
二港橋,"Erngon Bridge",台南市,,急水溪流域,急水溪,120.1904270000,23.2660400000,,,2013-06-07,氨氮,NH3-N,NH3-N,2.23,mg/L
二港橋,"Erngon Bridge",台南市,,急水溪流域,急水溪,120.1904270000,23.2660400000,,,2013-06-07,化學需氧量,"Chemical Oxygen Demand",COD,19.9,mg/L
二港橋,"Erngon Bridge",台南市,,急水溪流域,急水溪,120.1904270000,23.2660400000,,,2013-06-07,生化需氧量,"Biochemical Oxygen Demand",BOD5,2.4,mg/L
二港橋,"Erngon Bridge",台南市,,急水溪流域,急水溪,120.1904270000,23.2660400000,,,2013-06-07,溶氧(電極法),"Dissolved Oxygen",DO,2.5,mg/L
二港橋,"Erngon Bridge",台南市,,急水溪流域,急水溪,120.1904270000,23.2660400000,,,2013-06-07,懸浮固體,"Suspended Solid",SS,23.2,mg/L
二港橋,"Erngon Bridge",台南市,,急水溪流域,急水溪,120.1904270000,23.2660400000,,,2013-06-07,氣溫,Temperature,TMP,32.6,℃
二港橋,"Erngon Bridge",台南市,,急水溪流域,急水溪,120.1904270000,23.2660400000,,,2013-06-07,導電度,Conductivity,EC,4860,μmho/cm25℃
二港橋,"Erngon Bridge",台南市,,急水溪流域,急水溪,120.1904270000,23.2660400000,,,2013-06-07,酸鹼值,pH,pH,7.6,
二港橋,"Erngon Bridge",台南市,,急水溪流域,急水溪,120.1904270000,23.2660400000,,,2013-06-07,水溫,"Water Temperature",WT,31.4,℃
二港橋,"Erngon Bridge",台南市,,急水溪流域,急水溪,120.1904270000,23.2660400000,,,2013-06-07,河川污染分類指標,"River Pollution Index",RPI,4.00,
急水溪橋(原為鐵線里),"Teisian Vi.",台南市,,急水溪流域,急水溪,120.2773820000,23.2608930000,,,2013-06-07,大腸桿菌群,"Coliform Group",Coliform,250000,CFU/100mL
急水溪橋(原為鐵線里),"Teisian Vi.",台南市,,急水溪流域,急水溪,120.2773820000,23.2608930000,,,2013-06-07,溶氧飽和度,"Dissolved Oxygen Saturation",DOS,46.0,%
急水溪橋(原為鐵線里),"Teisian Vi.",台南市,,急水溪流域,急水溪,120.2773820000,23.2608930000,,,2013-06-07,氯鹽,Chloride,Cl,-,mg/L
急水溪橋(原為鐵線里),"Teisian Vi.",台南市,,急水溪流域,急水溪,120.2773820000,23.2608930000,,,2013-06-07,氨氮,NH3-N,NH3-N,1.93,mg/L
急水溪橋(原為鐵線里),"Teisian Vi.",台南市,,急水溪流域,急水溪,120.2773820000,23.2608930000,,,2013-06-07,化學需氧量,"Chemical Oxygen Demand",COD,35.9,mg/L
急水溪橋(原為鐵線里),"Teisian Vi.",台南市,,急水溪流域,急水溪,120.2773820000,23.2608930000,,,2013-06-07,生化需氧量,"Biochemical Oxygen Demand",BOD5,5.8,mg/L
急水溪橋(原為鐵線里),"Teisian Vi.",台南市,,急水溪流域,急水溪,120.2773820000,23.2608930000,,,2013-06-07,溶氧(電極法),"Dissolved Oxygen",DO,3.4,mg/L
急水溪橋(原為鐵線里),"Teisian Vi.",台南市,,急水溪流域,急水溪,120.2773820000,23.2608930000,,,2013-06-07,懸浮固體,"Suspended Solid",SS,48.8,mg/L
急水溪橋(原為鐵線里),"Teisian Vi.",台南市,,急水溪流域,急水溪,120.2773820000,23.2608930000,,,2013-06-07,氣溫,Temperature,TMP,36.2,℃
急水溪橋(原為鐵線里),"Teisian Vi.",台南市,,急水溪流域,急水溪,120.2773820000,23.2608930000,,,2013-06-07,導電度,Conductivity,EC,686,μmho/cm25℃
急水溪橋(原為鐵線里),"Teisian Vi.",台南市,,急水溪流域,急水溪,120.2773820000,23.2608930000,,,2013-06-07,酸鹼值,pH,pH,7.6,
急水溪橋(原為鐵線里),"Teisian Vi.",台南市,,急水溪流域,急水溪,120.2773820000,23.2608930000,,,2013-06-07,水溫,"Water Temperature",WT,31.1,℃
急水溪橋(原為鐵線里),"Teisian Vi.",台南市,,急水溪流域,急水溪,120.2773820000,23.2608930000,,,2013-06-07,河川污染分類指標,"River Pollution Index",RPI,5.25,
五王大橋(原為南鯤鯓),Nankunsan,台南市,,急水溪流域,急水溪,120.1443030000,23.2915880000,,,2013-06-07,大腸桿菌群,"Coliform Group",Coliform,3700,CFU/100mL
五王大橋(原為南鯤鯓),Nankunsan,台南市,,急水溪流域,急水溪,120.1443030000,23.2915880000,,,2013-06-07,溶氧飽和度,"Dissolved Oxygen Saturation",DOS,58.0,%
五王大橋(原為南鯤鯓),Nankunsan,台南市,,急水溪流域,急水溪,120.1443030000,23.2915880000,,,2013-06-07,氯鹽,Chloride,Cl,7740,mg/L
五王大橋(原為南鯤鯓),Nankunsan,台南市,,急水溪流域,急水溪,120.1443030000,23.2915880000,,,2013-06-07,氨氮,NH3-N,NH3-N,1.65,mg/L
五王大橋(原為南鯤鯓),Nankunsan,台南市,,急水溪流域,急水溪,120.1443030000,23.2915880000,,,2013-06-07,化學需氧量,"Chemical Oxygen Demand",COD,17.8,mg/L
五王大橋(原為南鯤鯓),Nankunsan,台南市,,急水溪流域,急水溪,120.1443030000,23.2915880000,,,2013-06-07,生化需氧量,"Biochemical Oxygen Demand",BOD5,2.5,mg/L
五王大橋(原為南鯤鯓),Nankunsan,台南市,,急水溪流域,急水溪,120.1443030000,23.2915880000,,,2013-06-07,溶氧(電極法),"Dissolved Oxygen",DO,3.9,mg/L
五王大橋(原為南鯤鯓),Nankunsan,台南市,,急水溪流域,急水溪,120.1443030000,23.2915880000,,,2013-06-07,懸浮固體,"Suspended Solid",SS,35.1,mg/L
五王大橋(原為南鯤鯓),Nankunsan,台南市,,急水溪流域,急水溪,120.1443030000,23.2915880000,,,2013-06-07,氣溫,Temperature,TMP,34.6,℃
五王大橋(原為南鯤鯓),Nankunsan,台南市,,急水溪流域,急水溪,120.1443030000,23.2915880000,,,2013-06-07,導電度,Conductivity,EC,23200,μmho/cm25℃
五王大橋(原為南鯤鯓),Nankunsan,台南市,,急水溪流域,急水溪,120.1443030000,23.2915880000,,,2013-06-07,酸鹼值,pH,pH,7.7,
五王大橋(原為南鯤鯓),Nankunsan,台南市,,急水溪流域,急水溪,120.1443030000,23.2915880000,,,2013-06-07,水溫,"Water Temperature",WT,32.2,℃
五王大橋(原為南鯤鯓),Nankunsan,台南市,,急水溪流域,急水溪,120.1443030000,23.2915880000,,,2013-06-07,河川污染分類指標,"River Pollution Index",RPI,4.00,
宅港橋,"Jhaigon Bridge",台南市,,急水溪流域,急水溪,120.2041130000,23.2533410000,,,2013-06-07,大腸桿菌群,"Coliform Group",Coliform,26000,CFU/100mL
宅港橋,"Jhaigon Bridge",台南市,,急水溪流域,急水溪,120.2041130000,23.2533410000,,,2013-06-07,溶氧飽和度,"Dissolved Oxygen Saturation",DOS,23.0,%
宅港橋,"Jhaigon Bridge",台南市,,急水溪流域,急水溪,120.2041130000,23.2533410000,,,2013-06-07,氯鹽,Chloride,Cl,222,mg/L
宅港橋,"Jhaigon Bridge",台南市,,急水溪流域,急水溪,120.2041130000,23.2533410000,,,2013-06-07,氨氮,NH3-N,NH3-N,3.63,mg/L
宅港橋,"Jhaigon Bridge",台南市,,急水溪流域,急水溪,120.2041130000,23.2533410000,,,2013-06-07,化學需氧量,"Chemical Oxygen Demand",COD,31.5,mg/L
宅港橋,"Jhaigon Bridge",台南市,,急水溪流域,急水溪,120.2041130000,23.2533410000,,,2013-06-07,生化需氧量,"Biochemical Oxygen Demand",BOD5,5.3,mg/L
宅港橋,"Jhaigon Bridge",台南市,,急水溪流域,急水溪,120.2041130000,23.2533410000,,,2013-06-07,溶氧(電極法),"Dissolved Oxygen",DO,1.7,mg/L
宅港橋,"Jhaigon Bridge",台南市,,急水溪流域,急水溪,120.2041130000,23.2533410000,,,2013-06-07,懸浮固體,"Suspended Solid",SS,27.3,mg/L
宅港橋,"Jhaigon Bridge",台南市,,急水溪流域,急水溪,120.2041130000,23.2533410000,,,2013-06-07,氣溫,Temperature,TMP,33.9,℃
宅港橋,"Jhaigon Bridge",台南市,,急水溪流域,急水溪,120.2041130000,23.2533410000,,,2013-06-07,導電度,Conductivity,EC,1330,μmho/cm25℃
宅港橋,"Jhaigon Bridge",台南市,,急水溪流域,急水溪,120.2041130000,23.2533410000,,,2013-06-07,酸鹼值,pH,pH,7.6,
宅港橋,"Jhaigon Bridge",台南市,,急水溪流域,急水溪,120.2041130000,23.2533410000,,,2013-06-07,水溫,"Water Temperature",WT,31.4,℃
宅港橋,"Jhaigon Bridge",台南市,,急水溪流域,急水溪,120.2041130000,23.2533410000,,,2013-06-07,河川污染分類指標,"River Pollution Index",RPI,7.25,
急水溪橋,"Jishueici Bridge",台南市,,急水溪流域,急水溪,120.3241400000,23.2961150000,,,2013-06-07,大腸桿菌群,"Coliform Group",Coliform,28000,CFU/100mL
急水溪橋,"Jishueici Bridge",台南市,,急水溪流域,急水溪,120.3241400000,23.2961150000,,,2013-06-07,溶氧飽和度,"Dissolved Oxygen Saturation",DOS,73.0,%
急水溪橋,"Jishueici Bridge",台南市,,急水溪流域,急水溪,120.3241400000,23.2961150000,,,2013-06-07,氯鹽,Chloride,Cl,-,mg/L
急水溪橋,"Jishueici Bridge",台南市,,急水溪流域,急水溪,120.3241400000,23.2961150000,,,2013-06-07,氨氮,NH3-N,NH3-N,1.47,mg/L
急水溪橋,"Jishueici Bridge",台南市,,急水溪流域,急水溪,120.3241400000,23.2961150000,,,2013-06-07,化學需氧量,"Chemical Oxygen Demand",COD,13.2,mg/L
急水溪橋,"Jishueici Bridge",台南市,,急水溪流域,急水溪,120.3241400000,23.2961150000,,,2013-06-07,生化需氧量,"Biochemical Oxygen Demand",BOD5,1.7,mg/L
急水溪橋,"Jishueici Bridge",台南市,,急水溪流域,急水溪,120.3241400000,23.2961150000,,,2013-06-07,溶氧(電極法),"Dissolved Oxygen",DO,5.3,mg/L
急水溪橋,"Jishueici Bridge",台南市,,急水溪流域,急水溪,120.3241400000,23.2961150000,,,2013-06-07,懸浮固體,"Suspended Solid",SS,47.0,mg/L
急水溪橋,"Jishueici Bridge",台南市,,急水溪流域,急水溪,120.3241400000,23.2961150000,,,2013-06-07,氣溫,Temperature,TMP,37.8,℃
急水溪橋,"Jishueici Bridge",台南市,,急水溪流域,急水溪,120.3241400000,23.2961150000,,,2013-06-07,導電度,Conductivity,EC,682,μmho/cm25℃
急水溪橋,"Jishueici Bridge",台南市,,急水溪流域,急水溪,120.3241400000,23.2961150000,,,2013-06-07,酸鹼值,pH,pH,7.7,
急水溪橋,"Jishueici Bridge",台南市,,急水溪流域,急水溪,120.3241400000,23.2961150000,,,2013-06-07,水溫,"Water Temperature",WT,32.3,℃
急水溪橋,"Jishueici Bridge",台南市,,急水溪流域,急水溪,120.3241400000,23.2961150000,,,2013-06-07,河川污染分類指標,"River Pollution Index",RPI,3.25,
青葉橋,"Chinyie Bridge",台南市,,急水溪流域,急水溪,120.4071880000,23.3386940000,,,2013-06-07,大腸桿菌群,"Coliform Group",Coliform,37000,CFU/100mL
青葉橋,"Chinyie Bridge",台南市,,急水溪流域,急水溪,120.4071880000,23.3386940000,,,2013-06-07,溶氧飽和度,"Dissolved Oxygen Saturation",DOS,50.7,%
青葉橋,"Chinyie Bridge",台南市,,急水溪流域,急水溪,120.4071880000,23.3386940000,,,2013-06-07,氯鹽,Chloride,Cl,-,mg/L
青葉橋,"Chinyie Bridge",台南市,,急水溪流域,急水溪,120.4071880000,23.3386940000,,,2013-06-07,氨氮,NH3-N,NH3-N,3.85,mg/L
青葉橋,"Chinyie Bridge",台南市,,急水溪流域,急水溪,120.4071880000,23.3386940000,,,2013-06-07,化學需氧量,"Chemical Oxygen Demand",COD,20.9,mg/L
青葉橋,"Chinyie Bridge",台南市,,急水溪流域,急水溪,120.4071880000,23.3386940000,,,2013-06-07,生化需氧量,"Biochemical Oxygen Demand",BOD5,2.6,mg/L
青葉橋,"Chinyie Bridge",台南市,,急水溪流域,急水溪,120.4071880000,23.3386940000,,,2013-06-07,溶氧(電極法),"Dissolved Oxygen",DO,3.7,mg/L
青葉橋,"Chinyie Bridge",台南市,,急水溪流域,急水溪,120.4071880000,23.3386940000,,,2013-06-07,懸浮固體,"Suspended Solid",SS,169,mg/L
青葉橋,"Chinyie Bridge",台南市,,急水溪流域,急水溪,120.4071880000,23.3386940000,,,2013-06-07,氣溫,Temperature,TMP,35.7,℃
青葉橋,"Chinyie Bridge",台南市,,急水溪流域,急水溪,120.4071880000,23.3386940000,,,2013-06-07,導電度,Conductivity,EC,644,μmho/cm25℃
青葉橋,"Chinyie Bridge",台南市,,急水溪流域,急水溪,120.4071880000,23.3386940000,,,2013-06-07,酸鹼值,pH,pH,7.8,
青葉橋,"Chinyie Bridge",台南市,,急水溪流域,急水溪,120.4071880000,23.3386940000,,,2013-06-07,水溫,"Water Temperature",WT,31.7,℃
青葉橋,"Chinyie Bridge",台南市,,急水溪流域,急水溪,120.4071880000,23.3386940000,,,2013-06-07,河川污染分類指標,"River Pollution Index",RPI,6.75,
甘宅二號橋(原為木屐寮),Mugiliao,台南市,,急水溪流域,急水溪,120.4542360000,23.3630090000,,,2013-06-07,大腸桿菌群,"Coliform Group",Coliform,28000,CFU/100mL
甘宅二號橋(原為木屐寮),Mugiliao,台南市,,急水溪流域,急水溪,120.4542360000,23.3630090000,,,2013-06-07,溶氧飽和度,"Dissolved Oxygen Saturation",DOS,107.3,%
甘宅二號橋(原為木屐寮),Mugiliao,台南市,,急水溪流域,急水溪,120.4542360000,23.3630090000,,,2013-06-07,氯鹽,Chloride,Cl,-,mg/L
甘宅二號橋(原為木屐寮),Mugiliao,台南市,,急水溪流域,急水溪,120.4542360000,23.3630090000,,,2013-06-07,氨氮,NH3-N,NH3-N,0.03,mg/L
甘宅二號橋(原為木屐寮),Mugiliao,台南市,,急水溪流域,急水溪,120.4542360000,23.3630090000,,,2013-06-07,化學需氧量,"Chemical Oxygen Demand",COD,12.6,mg/L
甘宅二號橋(原為木屐寮),Mugiliao,台南市,,急水溪流域,急水溪,120.4542360000,23.3630090000,,,2013-06-07,生化需氧量,"Biochemical Oxygen Demand",BOD5,1.3,mg/L
甘宅二號橋(原為木屐寮),Mugiliao,台南市,,急水溪流域,急水溪,120.4542360000,23.3630090000,,,2013-06-07,溶氧(電極法),"Dissolved Oxygen",DO,8.1,mg/L
甘宅二號橋(原為木屐寮),Mugiliao,台南市,,急水溪流域,急水溪,120.4542360000,23.3630090000,,,2013-06-07,懸浮固體,"Suspended Solid",SS,128,mg/L
甘宅二號橋(原為木屐寮),Mugiliao,台南市,,急水溪流域,急水溪,120.4542360000,23.3630090000,,,2013-06-07,氣溫,Temperature,TMP,35.2,℃
甘宅二號橋(原為木屐寮),Mugiliao,台南市,,急水溪流域,急水溪,120.4542360000,23.3630090000,,,2013-06-07,導電度,Conductivity,EC,422,μmho/cm25℃
甘宅二號橋(原為木屐寮),Mugiliao,台南市,,急水溪流域,急水溪,120.4542360000,23.3630090000,,,2013-06-07,酸鹼值,pH,pH,8.3,
甘宅二號橋(原為木屐寮),Mugiliao,台南市,,急水溪流域,急水溪,120.4542360000,23.3630090000,,,2013-06-07,水溫,"Water Temperature",WT,29.8,℃
甘宅二號橋(原為木屐寮),Mugiliao,台南市,,急水溪流域,急水溪,120.4542360000,23.3630090000,,,2013-06-07,河川污染分類指標,"River Pollution Index",RPI,3.25,
嘉南大橋,"Chiananda Bridge",台南市,,八掌溪流域,八掌溪,120.1532940000,23.3135280000,,,2013-06-07,大腸桿菌群,"Coliform Group",Coliform,320,CFU/100mL
嘉南大橋,"Chiananda Bridge",台南市,,八掌溪流域,八掌溪,120.1532940000,23.3135280000,,,2013-06-07,溶氧飽和度,"Dissolved Oxygen Saturation",DOS,218.0,%
嘉南大橋,"Chiananda Bridge",台南市,,八掌溪流域,八掌溪,120.1532940000,23.3135280000,,,2013-06-07,氯鹽,Chloride,Cl,249,mg/L
嘉南大橋,"Chiananda Bridge",台南市,,八掌溪流域,八掌溪,120.1532940000,23.3135280000,,,2013-06-07,氨氮,NH3-N,NH3-N,0.09,mg/L
嘉南大橋,"Chiananda Bridge",台南市,,八掌溪流域,八掌溪,120.1532940000,23.3135280000,,,2013-06-07,化學需氧量,"Chemical Oxygen Demand",COD,25.3,mg/L
嘉南大橋,"Chiananda Bridge",台南市,,八掌溪流域,八掌溪,120.1532940000,23.3135280000,,,2013-06-07,生化需氧量,"Biochemical Oxygen Demand",BOD5,6.5,mg/L
嘉南大橋,"Chiananda Bridge",台南市,,八掌溪流域,八掌溪,120.1532940000,23.3135280000,,,2013-06-07,溶氧(電極法),"Dissolved Oxygen",DO,15.5,mg/L
嘉南大橋,"Chiananda Bridge",台南市,,八掌溪流域,八掌溪,120.1532940000,23.3135280000,,,2013-06-07,懸浮固體,"Suspended Solid",SS,62.5,mg/L
嘉南大橋,"Chiananda Bridge",台南市,,八掌溪流域,八掌溪,120.1532940000,23.3135280000,,,2013-06-07,氣溫,Temperature,TMP,31.4,℃
嘉南大橋,"Chiananda Bridge",台南市,,八掌溪流域,八掌溪,120.1532940000,23.3135280000,,,2013-06-07,導電度,Conductivity,EC,1390,μmho/cm25℃
嘉南大橋,"Chiananda Bridge",台南市,,八掌溪流域,八掌溪,120.1532940000,23.3135280000,,,2013-06-07,酸鹼值,pH,pH,8.7,
嘉南大橋,"Chiananda Bridge",台南市,,八掌溪流域,八掌溪,120.1532940000,23.3135280000,,,2013-06-07,水溫,"Water Temperature",WT,32.7,℃
嘉南大橋,"Chiananda Bridge",台南市,,八掌溪流域,八掌溪,120.1532940000,23.3135280000,,,2013-06-07,河川污染分類指標,"River Pollution Index",RPI,3.50,
厚生橋,"Hocin Bridge",台南市,,八掌溪流域,八掌溪,120.2530360000,23.3285370000,,,2013-06-07,大腸桿菌群,"Coliform Group",Coliform,3400,CFU/100mL
厚生橋,"Hocin Bridge",台南市,,八掌溪流域,八掌溪,120.2530360000,23.3285370000,,,2013-06-07,溶氧飽和度,"Dissolved Oxygen Saturation",DOS,122.8,%
厚生橋,"Hocin Bridge",台南市,,八掌溪流域,八掌溪,120.2530360000,23.3285370000,,,2013-06-07,氯鹽,Chloride,Cl,-,mg/L
厚生橋,"Hocin Bridge",台南市,,八掌溪流域,八掌溪,120.2530360000,23.3285370000,,,2013-06-07,氨氮,NH3-N,NH3-N,1.29,mg/L
厚生橋,"Hocin Bridge",台南市,,八掌溪流域,八掌溪,120.2530360000,23.3285370000,,,2013-06-07,化學需氧量,"Chemical Oxygen Demand",COD,19.3,mg/L
厚生橋,"Hocin Bridge",台南市,,八掌溪流域,八掌溪,120.2530360000,23.3285370000,,,2013-06-07,生化需氧量,"Biochemical Oxygen Demand",BOD5,5.1,mg/L
厚生橋,"Hocin Bridge",台南市,,八掌溪流域,八掌溪,120.2530360000,23.3285370000,,,2013-06-07,溶氧(電極法),"Dissolved Oxygen",DO,8.8,mg/L
厚生橋,"Hocin Bridge",台南市,,八掌溪流域,八掌溪,120.2530360000,23.3285370000,,,2013-06-07,懸浮固體,"Suspended Solid",SS,24.3,mg/L
厚生橋,"Hocin Bridge",台南市,,八掌溪流域,八掌溪,120.2530360000,23.3285370000,,,2013-06-07,氣溫,Temperature,TMP,37.2,℃
厚生橋,"Hocin Bridge",台南市,,八掌溪流域,八掌溪,120.2530360000,23.3285370000,,,2013-06-07,導電度,Conductivity,EC,716,μmho/cm25℃
厚生橋,"Hocin Bridge",台南市,,八掌溪流域,八掌溪,120.2530360000,23.3285370000,,,2013-06-07,酸鹼值,pH,pH,8.1,
厚生橋,"Hocin Bridge",台南市,,八掌溪流域,八掌溪,120.2530360000,23.3285370000,,,2013-06-07,水溫,"Water Temperature",WT,32.6,℃
厚生橋,"Hocin Bridge",台南市,,八掌溪流域,八掌溪,120.2530360000,23.3285370000,,,2013-06-07,河川污染分類指標,"River Pollution Index",RPI,4.00,
